tree
version=v4
num_class=1
num_tree_per_iteration=1
label_index=0
max_feature_idx=192
objective=lambdarank
feature_names=Column_0 Column_1 Column_2 Column_3 Column_4 Column_5 Column_6 Column_7 Column_8 Column_9 Column_10 Column_11 Column_12 Column_13 Column_14 Column_15 Column_16 Column_17 Column_18 Column_19 Column_20 Column_21 Column_22 Column_23 Column_24 Column_25 Column_26 Column_27 Column_28 Column_29 Column_30 Column_31 Column_32 Column_33 Column_34 Column_35 Column_36 Column_37 Column_38 Column_39 Column_40 Column_41 Column_42 Column_43 Column_44 Column_45 Column_46 Column_47 Column_48 Column_49 Column_50 Column_51 Column_52 Column_53 Column_54 Column_55 Column_56 Column_57 Column_58 Column_59 Column_60 Column_61 Column_62 Column_63 Column_64 Column_65 Column_66 Column_67 Column_68 Column_69 Column_70 Column_71 Column_72 Column_73 Column_74 Column_75 Column_76 Column_77 Column_78 Column_79 Column_80 Column_81 Column_82 Column_83 Column_84 Column_85 Column_86 Column_87 Column_88 Column_89 Column_90 Column_91 Column_92 Column_93 Column_94 Column_95 Column_96 Column_97 Column_98 Column_99 Column_100 Column_101 Column_102 Column_103 Column_104 Column_105 Column_106 Column_107 Column_108 Column_109 Column_110 Column_111 Column_112 Column_113 Column_114 Column_115 Column_116 Column_117 Column_118 Column_119 Column_120 Column_121 Column_122 Column_123 Column_124 Column_125 Column_126 Column_127 Column_128 Column_129 Column_130 Column_131 Column_132 Column_133 Column_134 Column_135 Column_136 Column_137 Column_138 Column_139 Column_140 Column_141 Column_142 Column_143 Column_144 Column_145 Column_146 Column_147 Column_148 Column_149 Column_150 Column_151 Column_152 Column_153 Column_154 Column_155 Column_156 Column_157 Column_158 Column_159 Column_160 Column_161 Column_162 Column_163 Column_164 Column_165 Column_166 Column_167 Column_168 Column_169 Column_170 Column_171 Column_172 Column_173 Column_174 Column_175 Column_176 Column_177 Column_178 Column_179 Column_180 Column_181 Column_182 Column_183 Column_184 Column_185 Column_186 Column_187 Column_188 Column_189 Column_190 Column_191 Column_192
feature_infos=[-0.2584999999999999:0.30545454545448986] [0:0.84909090909075469] [-0.99999999999999611:0.999999999999997] [0:0.54363636363626477] [0:0.99999999999991995] [0:0.13375358166189075] [0:0.99999999999999367] [-0.30099999999996968:0.27926322043967483] [-0.99999999999999767:0.99999999999999833] [0.76601671309181529:1.3486176668914347] [0.99999999999952494:1.4164345403897749] [0.76601671309181529:0.99999999999999989] [0:1.1765241958262795] [0:1.4180509413067421] [0:1.5438523740410401] [0:1.7125984251968387] [0:1.7051107325383101] [0:1.8864747419880459] [0:1.2833887043189256] [0:1.359523809523798] [0:1.4219269102989891] [0:1.4751667619591986] [0:1.523177490407843] [0:0.39960078150885148] [0:0.41198862165441397] [0:0.43525529203585228] [0:0.41092101775297563] [0:0.48960688285331849] [-0.1159955257270683:0.24635257478298567] [0:1.0000000000047904] [-0.16844202898550589:0.328116397067443] [-0.065878775312737115:0.12501499469921229] [0:0.99498383341165941] [-0.25232561924291275:0.53186949186011589] [-0.03311243343532632:0.064380346331621569] [0:0.98716806245259259] [-0.32685574229691811:0.66368863258872246] [-0.021052888328867092:0.04061673827669602] [0:0.98147284729735385] [-0.40706635332469165:0.71253798382426925] [-0.012084388132103037:0.023567003213781509] [0:0.97678947953690909] [-0.50239698878661687:0.76503284116411951] [0:1.6801075268814945] [0:1.7432036804684203] [0:1.7981018119068131] [0:1.9632595383890685] [0:2.3065855008301002] [0:0.99999999999999989] [0:0.99999999999999989] [0:0.99999999999999989] [0:0.99999999999999989] [0:0.99999999999999989] [0:1.4003322259136082] [0:1.5225378395189586] [0:1.5594410361281295] [0:1.6105202973127348] [0:1.6945573397754696] [0:1.200221483942403] [0:1.3415282392026453] [0:1.4004474272930516] [0:1.443796455117196] [0:1.4090769230768745] [0:1] [0:1] [0:1] [0:1] [0:1] [0:0.99999999999999967] [0:0.99999999999999967] [0:0.99999999999999967] [0:0.99999999999999967] [0:0.99999999999999967] [0:0.80000000000000004] [0:0.90000000000000002] [0:0.94999999999999996] [0:0.96666666666666667] [0:0.98333333333333328] [0:0.80000000000000004] [0:0.90000000000000002] [0:0.94999999999999996] [0:0.96666666666666667] [0:0.98333333333333328] [-0.80000000000000004:0.80000000000000004] [-0.90000000000000002:0.90000000000000002] [-0.94999999999999996:0.94999999999999996] [-0.96666666666666667:0.96666666666666667] [-0.98333333333333328:0.98333333333333328] [-0.99978217233003952:0.99974604431259917] [-0.98999225408766023:0.99241850893038075] [-0.92150042544155786:0.98837639418127177] [-0.91955797176760989:0.97851737209476186] [-0.8744267466476372:0.95006600196841628] [-1.000000000356114:1.0000000000084337] [-1.0000000007387833:1.000000000091849] [-1.0000000012415871:1.0000000000977782] [-0.86696285840774323:0.91423959464552595] [-0.65087001492328134:0.83736510272117681] [0:1] [0:1] [0:0.84999999999999998] [0:0.80000000000000004] [0:0.69999999999999996] [0:1] [0:1] [0:0.94999999999999996] [0:0.8666666666666667] [0:0.76666666666666672] [-1:1] [-1:1] [-0.89999999999999991:0.75] [-0.73333333333333339:0.60000000000000009] [-0.53333333333333344:0.45000000000000001] [0:0.99999999999999978] [0:0.99999999999999956] [0:0.99999999999982203] [0:0.9477401129943489] [0:0.87284419760303911] [0:0.99999999999999911] [0:0.99999999999999734] [0:0.99999999999904476] [0:0.91157718120805298] [0:0.77419342053898221] [-0.99999999999999911:0.99999999999999978] [-0.99999999999999722:0.99999999999999956] [-0.99999999999904476:0.99999999999982203] [-0.82315436241610662:0.89548022598869925] [-0.54838684107820845:0.74568839520607921] [0:24.190848035534536] [0:21.458916484253919] [0:17.112566723121414] [0:15.124904431697741] [0:14.919478429089912] [0:13.996645238173668] [0:10.474017419452371] [0:8.648325999660301] [0:7.6834645392736327] [0:6.5338360528364756] [0:2.2360679775499364] [0:3.1023674740385281] [0:4.3048179450004014] [0:5.2340068110845479] [0:6.6933743842802187] [0:1] [0:1] [0:0.91965466997722933] [0:0.87464837140438167] [0:0.79829065208703787] [0:1] [0:1] [0:0.89123582057842188] [0:0.81483290130366748] [0:0.70365682900807669] [-1:1] [-1:1] [-0.78247164115684376:0.83930933995445856] [-0.62966580260733496:0.74929674280876335] [-0.40731365801615332:0.59658130417407573] [0:12250.863955129993] [0:11958.536205235001] [0:12036.283186954897] [0:11910.084300543174] [0:98.113296567376267] [-321.44993102620538:588.92582755171861] [-292.71270011427401:497.66674125405041] [-0.94574603800748924:103.58853207670167] [-3261230958:34900108494] [0:3046462493.1999998] [0:2091731824.5999999] [0:3.3124955195171681] [-8.9409960916479278e-14:100.00000000000007] [-1.0717352931048178e-13:100.00000000000013] [-58.58585858585851:157.72302076203528] [0:12801.825874386202] [-1138.7960995348531:0] [0:508.75182441461959] [0:11794.472462784637] [0:1.4663241934395024] [0:1.0354491266430239] [-0.20017714791851193:4.625097861490957] [-0.2948067161265131:4.6936323246581386] [-0.35226967499328499:5.0057523288089074] [0:1634.8680059800008] [-917.95042856000146:1330.2598430000016] [0:1330.2598430000016] [-946.12063699999999:0] [0.0033333333333333335:1] [0.0033333333333333335:1] [0.0033333333333333335:1] [0.0033333333333333335:1] [0.0033333333333333335:1] [0.0033557046979865771:1] [0.0033333333333333335:1]
tree_sizes=6971 6959 6923 6961 6923 6934 6920 6904 6912 6912 6935 6942 6939 6921 6921 6944 6942 6946 6926 6948 6915 6907 6900 6941 6910 6931 6918 6920 6912 6888 6928 6969 6944 6947 6954 6950 6953 6978 6945 6953 6976 6954 6926 6972

Tree=0
num_leaves=63
num_cat=0
split_feature=192 12 12 166 1 159 55 167 47 12 126 168 40 114 192 192 183 0 92 49 80 12 12 139 130 167 121 191 167 161 140 168 134 87 190 192 12 68 133 168 12 175 47 67 12 40 12 173 46 51 30 91 166 182 184 192 192 44 40 152 187 166
split_gain=177.625 84.7131 23.1174 19.1617 17.1191 12.945 12.4542 10.0363 9.77007 9.57335 10.5376 9.47172 9.33263 8.65884 8.24375 7.26588 7.19725 7.70341 6.50939 6.41684 6.26005 5.77557 5.55059 11.3231 5.46083 4.94993 4.89017 4.60749 4.59987 4.40343 4.18748 4.45796 4.10981 3.92066 4.78095 3.70015 3.42655 3.92449 3.42147 3.41271 3.38635 3.21741 3.13569 3.05311 3.01996 3.63565 3.00667 2.99527 2.9597 2.84065 2.78001 2.76146 2.57783 2.5631 2.55507 2.54349 2.52983 2.52081 2.44937 2.47796 2.42645 2.41476
threshold=0.64715883668903806 0.012313599086128764 0.078160292710596199 592578518.50000012 0.018018018018015371 17.518520437499998 0.98849702067254575 166835336.10000002 1.445507431790195 0.015455262533587625 -0.06131900668114456 152868603.70000002 0.0012479217501524551 0.6176470588227384 0.79766219239373604 0.22445624116181459 2.7123106549999965 0.0096621311816367361 0.82743791797243749 0.97221210116347334 0.47500000000000003 0.3450630976537245 0.071590624304686615 0.90839621535699033 1.5619068089286336 81435665.800000027 0.39801460804076561 0.7575279642058167 278560927.00000006 3138.9071698853936 1.1536000274827665 83023884.450000003 0.11619045809124047 0.27500000000000008 0.90468680089485465 0.32721293199554075 0.085936884189466003 0.88625592417051424 0.25053634817895326 72211463.225000009 0.65561251566660039 0.55657710301222962 1.131580401868739 0.029166666666666671 0.070268102482366576 0.0010809873172671315 0.39794344580089841 342.86994427265023 1.1751108017906831 0.96604938271592811 -0.0082282680822823532 0.2260248197777566 85524587.500000015 6.4527121749999887 2.9835307100000255 0.56448789028304647 0.72408277404921717 1.0544807549680992 -0.00026474553553581723 0.52538862056229296 0.75209310677650343 1524911456.0000002
decision_type=2 2 2 2 2 2 2 2 2 2 2 2 2 2 2 2 2 2 2 2 2 2 2 2 2 2 2 2 2 2 2 2 2 2 2 2 2 2 2 2 2 2 2 2 2 2 2 2 2 2 2 2 2 2 2 2 2 2 2 2 2 2
left_child=1 3 6 11 12 28 26 15 13 10 16 25 19 32 46 43 17 -8 21 51 30 -9 29 38 42 50 44 -28 -4 56 33 -32 -5 36 -35 60 37 -17 -24 -25 48 -20 -15 -6 45 -2 49 -45 58 -7 -1 -3 -49 -16 57 -33 -11 -14 -22 -60 -21 -37
right_child=2 4 5 8 7 14 9 18 -10 22 -12 -13 54 24 53 20 -18 -19 41 35 40 -23 23 39 -26 -27 27 -29 -30 -31 31 55 -34 34 -36 61 -38 -39 -40 -41 -42 -43 -44 47 -46 -47 -48 52 -50 -51 -52 -53 -54 -55 -56 -57 -58 -59 59 -61 -62 -63
leaf_value=0.048690189673991101 -0.018660396186762442 -0.0017139283006461341 0.015189991124510447 0.0050520059427367411 -0.039557838348923707 0.023720995266433981 0.054224982984729178 -0.049639962527858204 0.027257776557985433 0.0025718743130141099 -0.065263281112520152 0.057340120238274839 0.018088086618811169 -0.052998458641218937 0.038648211141265293 -0.018569387611216313 -0.045406859392328205 -0.042609581554037615 0.054982540052273036 -0.042521194127922379 -0.023547391827734389 0 0.044609438544919541 0.015168258506151326 0.024144948292912319 -0.056159698345093267 0.0014486960662283507 0.070116888576996675 -0.030021448777969414 -0.032157561597537854 0.0084943007070555788 -0.039257271907061492 -0.079637154538106755 0.040928727610392339 -0.012342451795681185 -0.0093451500514034926 0.018247046008800408 0.039121311957583685 -0.021198033772342244 -0.059225968636616326 0.015029282007132997 -0.026811426900420751 0.0048657090433885429 0.00025776517665699727 -0.029225399922656027 0.03908100296201316 0.039187662943153172 0.0051661680003855601 0.0088842913577342666 -0.0076599508579383484 -0.01386855877452231 -0.024118478167130784 -0.040541366228985735 0.054540071775972712 -0.023198273596666836 0.004757367314425779 0.034096569621796996 -0.016437264247642799 -0.0082148486000258904 0.033944665211915165 0.0088966351134264886 -0.041018777145362763
leaf_weight=1.4127935050055391 2.958522682834885 32.778798299303162 19.803476507418967 1.2345398819888931 9.3657209378725366 44.598460514884209 6.2441177764558251 19.631910139054533 2.2331523001193991 9.3193153248139406 9.8757473707519221 3.5303487904020576 21.984587389422817 22.147575126320596 65.939192497200565 14.393618412810612 4.1449068516958496 1.9648346249305175 2.5246745551412455 58.089521885412978 29.301340392135899 8.2453618583676853 6.2278192216181214 1.3032760030182533 2.2665556288557118 5.8572958708100487 3.3116409880458368 10.971310113323851 6.6920914010843253 2.7299078032374373 51.257996671840374 7.9692939419619488 61.381155004710308 26.256577483829464 4.3493739947152781 23.936265968193769 42.55059228411119 2.6377777570014578 1.9183682561269959 8.2470827630895638 18.432480745264911 0.99647691374411795 2.2531423370528492 29.47427603565302 2.4240844688247298 8.7674775693012617 32.741675788267457 3.8342384213174219 19.334494563459884 7.8031827413651618 5.656577900139383 23.595394676856813 9.3912558745942061 77.592439355132228 6.0477317849290548 4.5723336086448398 23.430196371322381 5.8697008647577595 37.859378892178938 2.8119711801700751 1.8943607068067638 7.8253929826023514
leaf_count=12 287 5179 3628 63 1635 5305 77 1169 11 1302 262 57 3399 330 9259 1496 71 43 110 12285 3984 2003 116 241 23 87 272 319 430 120 7848 944 902 2825 422 3726 6280 145 59 186 4348 80 49 6052 143 766 5463 516 2255 1196 245 3805 947 9816 673 367 2917 1055 4786 228 344 961
internal_value=0.000175381 -0.0157021 0.0282464 -0.0558458 -0.00738101 0.0363237 0.00819277 -0.000809182 -0.0646971 -0.00248023 -0.0293556 -0.00545172 -0.0197442 -0.0673289 0.0401436 0.00190557 0.00171244 0.0283943 -0.0273158 -0.0251338 0.00532244 -0.035504 0.0089969 -0.0132198 -0.0405564 -0.0258455 0.0357905 0.0556592 0.00291236 0.0202739 0.0117686 0.00182555 -0.0778356 0.0186503 0.0330492 -0.033283 0.010748 -0.00768301 0.0279423 -0.0481245 -0.00386824 0.0299187 -0.0474773 -0.0149531 0.013055 0.0237981 0.027123 -0.00866014 -0.00794718 0.0188985 0.00249861 -0.0114354 -0.027507 0.0475918 0.0037056 -0.0236752 0.025616 0.0103218 -0.0127281 -0.00443537 -0.0406961 -0.0183153
internal_weight=994.195 635.186 359.009 107.973 527.213 255.171 103.839 345.191 91.5161 75.4056 22.2296 16.457 182.022 89.283 228.675 313.793 12.3539 8.20895 31.3984 148.12 261.727 27.8773 53.176 17.6965 26.6673 12.9267 28.433 14.283 26.4956 35.4794 153.988 63.7996 62.6157 90.1879 30.606 91.7455 59.582 17.0314 8.14619 9.55036 107.74 3.52115 24.4007 52.0655 14.1501 11.726 85.1433 42.6998 89.3072 52.4016 7.06937 56.3742 13.2255 143.532 33.902 12.5416 32.7495 27.8543 69.9727 40.6714 59.9839 31.7617
internal_count=123924 81646 42278 1779 79867 35097 7181 48440 1378 5394 453 401 31427 1367 31039 45078 191 120 3362 26300 35928 3172 4941 602 402 344 1787 591 4058 4339 20327 9159 965 11168 3247 17316 7921 1641 175 427 15601 190 379 9150 1196 1053 11964 7515 11253 6501 257 8984 1463 19075 5127 1311 4219 4454 8998 5014 12629 4687
is_linear=0
shrinkage=0.05


Tree=1
num_leaves=63
num_cat=0
split_feature=192 1 22 167 141 188 141 135 147 26 189 140 26 167 192 190 192 32 163 174 158 161 176 81 121 31 1 168 12 25 167 166 5 93 167 60 167 92 192 60 167 80 153 92 1 175 32 139 28 141 96 26 166 50 58 141 29 140 13 157 70 132
split_gain=201.129 61.1776 40.3365 29.6536 27.7766 22.0108 21.0632 20.45 18.6256 17.2218 24.1201 16.7735 12.9792 11.2588 13.9331 11.6722 11.1655 11.3186 10.599 10.4283 11.9372 9.07846 9.47294 11.7058 16.103 9.80432 8.64733 8.44973 11.2501 12.4027 10.3156 9.68163 7.85515 7.80331 7.74565 7.71565 7.31111 12.6723 7.22248 7.16031 7.09941 7.05221 7.92774 7.03994 6.91652 6.89043 6.83281 6.80541 6.80221 6.65182 6.94068 7.25571 6.56602 6.39661 6.39379 6.39138 6.34788 6.30537 6.2876 6.14179 6.25414 6.11183
threshold=0.64715883668903806 0.040673211781205885 0.96704318785477372 278560927.00000006 2.0207721235500338 0.89649386845039025 1.4140828445902143 0.67842232344905529 0.50706929942543377 0.074606361755440526 0.52921404682274253 1.0799007319212708 0.16771456232937579 94564719.200000018 0.89465324384787481 0.81438478747203591 0.99164429530201359 0.66362853106068664 -25.079020952610446 -17.568122078830097 665.89489076700011 691.41345744999091 184.29139219117474 0.35000000000000003 0.47124325622747193 -0.0031896105976851495 0.019157088122604304 35838794.45000001 0.21547736664954617 0.098193954898950719 57488105.600000009 3629710263.5000005 0.0065180264947489915 0.94520458624344572 27657576.800000004 0.87334857108104857 19441518.700000003 0.63186426085646674 0.93478747203579438 0.83125392603584258 16878052.600000005 0.4250000000000001 0.057987452333109403 0.79472432326470677 0.019267822736029717 0.19996295206051506 0.86817395391444119 0.73976950131704255 -0.01377349922804298 1.1980050399136506 0.57772030846910194 0.065489509088423617 631924535.00000012 0.98276699195027362 0.97256714224995222 2.35440485143724 0.65472567467393483 0.69193325953540286 0.88760233302450453 0.072434657775599209 0.54999999999999172 1.5897640233215817
decision_type=2 2 2 2 2 2 2 2 2 2 2 2 2 2 2 2 2 2 2 2 2 2 2 2 2 2 2 2 2 2 2 2 2 2 2 2 2 2 2 2 2 2 2 2 2 2 2 2 2 2 2 2 2 2 2 2 2 2 2 2 2 2
left_child=2 7 3 11 6 8 -5 9 13 10 56 40 26 14 34 -15 17 32 -11 20 61 22 -12 25 38 -24 -4 36 29 31 -31 49 39 -23 -3 -8 46 54 -25 -10 -1 42 -42 52 -27 -28 -7 -33 57 50 -29 -52 -20 59 -38 -51 -2 -36 -32 60 -41 -9
right_child=1 5 12 4 -6 27 35 19 16 18 21 -13 -14 15 -16 -17 -18 -19 43 -21 -22 33 23 24 -26 44 45 28 -30 30 58 47 -34 -35 48 -37 37 -39 -40 53 41 -43 -44 -45 -46 -47 -48 -49 -50 55 51 -53 -54 -55 -56 -57 -58 -59 -60 -61 -62 -63
leaf_value=-0.018923242883073857 -0.008610477838473303 -0.0032893504269698734 -0.045089561856566457 -0.03136739361194614 -0.077199274577917476 0.022287638947765101 -0.023230851096226014 -0.006029204789321339 0.035413685456987379 0.05769002150130751 -0.0010127875524311087 -0.030290690937831183 0.066294205137640158 0.017994236341902597 0.037715537235815833 -0.060744050546855034 0.040859101013085208 -0.025630012540436748 0.0055917458300413919 -0.028906096200331556 -0.031260119427842369 -0.0024953754191504298 -0.030886129866182322 -0.044518083346205654 0.024199495338955823 -0.031448386961004736 -0.059021336276306208 0.045276933952957822 0.01188790270636113 0.049116978635872756 -0.051015188584338136 0.068048821291406034 0.014025863204097863 -0.062203743966231365 0.051658546490195092 0.079547847116615819 -0.034549901006782631 0.031661628860666279 0.030685296999238922 -0.028574833912093669 -0.0077638987255424542 -0.030368930689455009 0.019002735892571575 -0.027540036532150869 0.043378578317932341 -0.024612590078213294 0.064682157308433227 -0.0019717345508863302 0.033215423682986266 0.065467949299318082 0.038876570188262405 -0.049093751553662524 0.032753530602814551 0.025481567914600642 0.016791854351034908 -0.006843130657235858 -0.030394072142350237 -0.042511763735710931 0.0090463756786997099 -0.053350397229473281 0.007076814609143417 0.03498501385479387
leaf_weight=65.737840704590781 93.728422089152446 44.256941078681848 143.05310071599524 5.4701957643701489 3.908966149610932 60.242426388562308 1.4757473756908464 15.720970035967182 7.7033993552322491 16.183240230078809 71.404259502014611 111.14213298568211 2.2309395670890799 10.72323258193501 121.35791003302438 6.8885453396942458 17.209478330565616 34.716040202154545 47.45250096754171 80.560428394703194 19.269303686814965 31.185600394965149 4.4571107042720532 16.309817904839296 35.00059034966398 2.4788877718674476 16.05368995378376 30.72254013910424 38.07384677121081 10.080903116613628 5.6574613504926701 3.4555326183326569 103.68346921407647 5.7155965170823029 1.4782177819870401 21.842299693715177 18.214057542965751 22.109040422132239 3.0858905646018675 23.475069065287244 53.664703538262984 14.384140048656262 54.864666545530781 8.0751610942534153 63.1431856352865 162.77243900901522 11.173122181091456 14.894121629593426 40.714658028951817 76.013135056397005 3.4987624064087859 3.8818418434821069 42.677518485172186 8.4619381893426162 7.98665473377332 2.8651352943852535 52.948101907255477 5.4619874797062948 11.663065994944189 9.7080644760862906 23.755190970681724 19.198340583607205
leaf_count=5144 4583 1696 27702 692 125 1163 60 465 148 209 4522 14745 2 409 1763 135 237 1142 1475 5480 873 978 141 319 628 124 1798 285 1321 99 149 19 2428 113 10 182 456 366 36 792 4181 1971 3148 285 1055 21896 119 253 925 660 37 86 1065 152 129 72 2955 247 203 377 690 404
internal_value=0.000537901 0.0111917 -0.0222942 -0.00999179 0.034502 0.0205356 0.0519194 -0.000411014 0.0134551 0.00429753 -0.000831318 -0.0149597 -0.0348297 0.0234455 0.0266244 -0.0141433 0.00329002 3.1695e-05 0.0212144 -0.0176089 -0.000503651 0.00914993 0.0134454 0.021721 0.00407921 0.0350945 -0.0357492 0.0305991 0.036929 0.0426489 0.0112383 0.048843 0.00521488 -0.0132727 0.0116779 0.0721498 0.019723 0.00443581 -0.0313901 -0.00723498 -0.00578918 0.00129098 0.0057717 0.0146323 0.0400473 -0.0280404 0.029791 0.0137912 0.0254626 0.0541354 0.0350746 -0.00713212 0.0187263 -0.0127915 -0.0186738 0.062726 -0.0166605 -0.0178445 -0.0120126 -0.0189074 -0.0107647 0.0167271
internal_weight=2065.32 1408.72 656.601 332.491 32.6972 780.126 28.7882 628.595 459.594 493.846 379.457 299.793 324.11 230.881 213.27 17.6118 228.713 211.503 114.388 134.749 54.1886 232.781 195.88 124.475 54.3963 70.0792 321.879 320.532 200.806 162.732 27.4014 135.331 176.787 36.9012 91.9118 23.318 119.725 48.3098 19.3957 73.1037 188.651 122.914 108.529 98.2052 65.6221 178.826 71.4155 18.3497 47.6549 116.981 38.1031 7.3806 90.13 65.4003 26.2007 78.8783 146.677 6.94021 17.3205 56.9383 47.2303 34.9193
internal_count=123924 42278 81646 30248 1059 16568 934 25710 11151 18488 15454 29189 51398 5185 4641 544 5966 5729 3034 7222 1742 7916 6825 2303 983 1320 51396 5417 3184 1863 451 1412 4587 1091 2878 242 2233 951 355 2159 14444 9300 7329 2825 1179 23694 1282 272 1182 1140 408 123 2540 2011 585 732 7538 257 352 1859 1482 869
is_linear=0
shrinkage=0.05


Tree=2
num_leaves=63
num_cat=0
split_feature=192 182 192 92 20 49 167 62 12 167 90 26 167 158 143 11 46 27 121 47 26 154 114 20 80 180 192 163 177 37 174 139 82 119 189 46 12 112 174 172 187 90 28 4 92 167 178 26 12 130 88 39 35 97 117 187 145 130 35 48 192 106
split_gain=463.852 76.4102 68.7872 51.405 25.9999 20.3327 17.2092 14.8776 13.7614 11.4041 11.3419 9.20377 9.14305 9.17598 9.0666 9.43848 8.57452 14.3932 9.29454 8.51774 8.47231 8.26725 7.99917 7.99213 7.94211 7.74827 7.6178 7.49013 6.89732 7.09357 6.52074 7.12632 10.8535 6.33355 5.95343 7.33303 6.35208 5.54011 6.30648 7.50909 5.92509 5.23891 5.39859 7.46877 7.20926 8.20563 9.28188 8.04514 7.92289 7.83681 8.72785 7.22519 6.53762 7.55284 6.42551 6.37931 6.3575 6.23489 6.1467 5.18565 5.14148 4.98159
threshold=0.79766219239373604 6.4527121749999887 0.50083612040133796 0.82743791797243749 0.95114268099465427 0.91403699673553118 260900747.80000004 0.82653388738075984 0.079577966658770233 380232638.10000008 0.71136981024937451 0.16771456232937579 26365656.200000003 191.79362792800006 0.46753563446407892 0.98886827458246873 1.2992687361300419 0.10431166294331611 0.51520286225398781 1.3091945421155124 0.056231737678559122 0.088607523351445644 0.41463414634142498 0.98144739456848629 1.0000000180025095e-35 -0.0021100756762854052 0.64715883668903806 0.069356746512647241 0.026187426879883676 0.0047103327790344934 -10.746929935771986 1.0589676608767791 0.22500000000000003 0.044930538953966447 0.68729306487695763 1.25442465474888 0.026126103960412511 -0.12499999999999999 -16.366052091742258 90.014524328249834 0.70854189580480809 -0.66932139597233886 0.005085399412957531 0.61211042812451788 0.81048932879420088 37905492.300000004 0.052896775819896366 0.034479176644255968 0.21547736664954617 0.64544955243432367 0.75540689653835036 0.038743713918698137 0.65973458708189836 0.63675673621984463 0.54560929408914582 0.91624767120827821 0.55613187059149427 0.6962379261958761 0.75640832411549586 0.94094637889864574 0.72408277404921717 0.61666666666666681
decision_type=2 2 2 2 2 2 2 2 2 2 2 2 2 2 2 2 2 2 2 2 2 2 2 2 2 2 2 2 2 2 2 2 2 2 2 2 2 2 2 2 2 2 2 2 2 2 2 2 2 2 2 2 2 2 2 2 2 2 2 2 2 2
left_child=2 7 3 11 12 14 -5 -2 23 26 16 27 25 24 15 -3 18 -18 30 21 -11 -9 -20 -7 -14 -4 -6 -1 -15 -30 31 -10 -33 -16 35 -28 -36 38 40 -40 -35 -39 43 -43 45 49 47 -47 55 58 51 -51 -46 -54 -53 57 -50 -49 -44 -19 -31 -24
right_child=1 5 4 6 9 8 -8 19 10 20 -12 -13 13 28 33 -17 17 59 22 -21 -22 -23 61 -25 -26 -27 34 -29 29 60 -32 32 -34 37 36 -37 -38 41 39 -41 -42 42 44 -45 52 46 -48 48 56 50 -52 54 53 -55 -56 -57 -58 -59 -60 -61 -62 -63
leaf_value=-0.051844644496262408 0.012382059502461126 0.051890557238400803 -0.046719544778503375 -0.034517834446160169 -0.033843739430033291 0.022984045270357693 0.067485784568022955 -0.032710131962407803 0.029699892471360054 -0.036833060845874822 -0.0069740650497892385 0.054327044076721114 0.01198079054607766 0.039886304342321433 -0.028275105032651487 0.021761576947034091 -0.010100014757691192 0 -0.020732264167015773 0.0064658212421076075 0.071111025843410752 0.00080781816678371073 0.02600305483635534 -0.022407371949465626 -0.023227671004026999 -0.0039456502107592002 -0.027343761233716957 -0.036683754226637236 -0.035398623908172076 -0.024340690132610747 0.042158180351475422 0.02119094820725612 -0.037762849393991042 0.036527430815986951 0.04830879018632489 0.0052252920097232 -0.0080510027372037423 -0.035238426198729883 0.048889681772481 -0.034252340969800392 -0.05332581794973365 0.053073811418345045 0.046090752256161549 -0.03431303135083575 0.022074697490842499 -0.017011952630439694 -0.0010825266996668263 -0.037397012820878033 -0.041151695273374554 0.041977788785438938 -0.024696214478366618 0.026047173521461187 -0.059571108379187193 0.04337415054675773 -0.036173349543491155 0.054494663848523639 0.032788040599096978 0.033887570508683268 -0.016220243687256653 0.06218730865272213 0.044735886037555211 -0.040932227807694288
leaf_weight=212.13247118644358 88.504051189360325 144.97584106342401 12.232420714222824 5.0128141259192516 108.32461070330464 14.024256207980214 13.364141558333356 60.620541441414389 68.445231044868706 1.8551496509098786 25.211314259737264 1.4863571524620045 40.101500504475553 32.483495391526958 3.5312316939234725 34.941619744342461 9.1459740418940765 3.6518302462063721 19.267315065255389 34.013896906675654 4.7150962471496314 25.749483168794541 27.274785917019475 26.261351805995218 25.213627439043194 55.859652668390481 110.61767198732559 162.0629591668694 6.925831608008596 2.9691715040244153 58.110540966081317 22.216710922279162 10.754815661217433 1.7043358818627918 4.6056306548707644 19.811675520730205 44.820212415113929 1.8726655361242581 8.9608763342257571 2.854132362175732 5.3403328827116638 52.667094824253581 29.723613165420829 1.8388384513091285 14.958295705495404 4.5437796517653615 11.865114994230678 3.0508565910859025 3.8091407920583134 17.356112938839946 14.218528678640721 7.4015349680557829 5.4432183586759484 1.5874050389975307 7.1733414448681287 108.13214755471563 6.324547590338625 12.076336889876982 3.9072550372220567 40.869204900227487 8.1596599528565985 2.1341606883797786
leaf_count=36655 3953 1430 1347 765 14774 498 110 4557 1067 270 590 2 1940 1033 87 602 159 49 606 1510 38 1261 466 1489 2088 3673 10122 22057 377 230 723 419 301 28 129 1163 2671 25 94 58 157 584 416 45 244 95 204 81 127 219 301 118 143 10 138 712 123 172 61 303 183 72
internal_value=0.00151251 0.023952 -0.0253854 -0.0408411 -0.0125934 0.0306924 0.039058 -0.00307006 0.0208227 -0.0217755 0.0246563 -0.0448561 0.00213095 0.0106687 0.0369616 0.0462195 0.0277355 0.0456671 0.0228933 -0.0144798 0.0391325 -0.0227653 0.00355814 -0.0063106 -0.00168066 -0.0122671 -0.023312 -0.0454071 0.0264488 0.00118552 0.0287029 0.020608 0.00126838 0.03178 -0.0167891 -0.0223565 -0.00184622 0.0325285 0.00557159 0.0273095 -0.0291275 0.0341398 0.0346939 0.0494705 0.0312894 0.0339017 0.0408667 0.0444929 0.0467361 0.0204179 0.00663608 0.0210661 0.00350914 -0.0331983 -0.00461133 0.0502075 0.003346 0.0177734 0.0384477 0.0572034 0.0254067 0.0197949
internal_weight=1919.27 1046.51 872.754 394.059 478.695 837.626 18.377 208.888 327.367 294.75 287.082 375.682 183.945 115.853 510.258 179.917 261.871 53.667 208.204 120.384 6.57025 86.37 48.6763 40.2856 65.3151 68.0921 288.18 374.195 50.5382 18.0547 159.527 101.417 32.9715 330.341 179.855 130.429 49.4258 326.81 18.8597 11.815 7.04467 307.95 306.077 54.5059 251.571 229.582 149.802 137.937 133.393 79.7804 46.1495 31.931 21.9889 7.03062 14.5749 123.259 10.1337 15.1272 33.6309 44.521 11.1288 29.4089
internal_count=123924 24297 99627 59589 40038 13016 875 11281 6742 29167 4755 58714 10871 5851 6274 2032 4165 511 3654 7328 308 5818 1144 1987 4028 5020 28859 58712 1823 790 2510 1787 720 4242 14085 11285 2800 4155 337 152 185 3818 3793 629 3164 2767 1514 1310 1215 1253 776 475 397 153 256 965 250 253 477 352 413 538
is_linear=0
shrinkage=0.05


Tree=3
num_leaves=63
num_cat=0
split_feature=1 27 182 51 49 182 176 92 161 55 15 27 89 141 22 70 167 41 133 27 129 170 1 139 189 152 167 92 161 153 189 187 162 190 30 81 12 12 167 133 93 40 167 12 167 169 15 97 34 90 3 1 189 28 90 5 34 3 174 87 130 174
split_gain=362.36 77.5538 72.1658 54.3756 26.2959 21.5816 17.8077 16.2586 14.4831 14.4306 10.8675 11.525 10.2614 11.3033 10.1309 9.53441 9.14898 9.08127 11.1929 9.03699 8.95916 8.88977 8.5428 8.11483 8.07603 7.94951 7.54162 7.23696 6.96292 6.89162 6.87947 9.11327 6.85865 6.30108 6.29965 5.83711 5.75289 6.09426 5.73724 5.81266 5.65822 11.6317 6.1626 7.8029 5.67774 5.6076 5.4643 5.35823 5.23477 5.12365 5.05534 4.76661 5.21421 4.73099 4.65744 4.48812 4.48643 4.46542 5.47766 5.10686 4.47675 5.24611
threshold=0.034429171353416742 0.090849962419702987 7.1279860199999954 0.9117389271267945 0.91403699673553118 6.3200000000000012 536.7665164527574 0.82743791797243749 691.41345744999091 1.145155007704149 0.84078867812578173 0.13324160604097751 0.51185303660055104 1.0325608990895641 1.1538329822042552 0.57894736842007244 278560927.00000006 0.66395302345745122 0.32146050878212701 0.10701163464836906 0.66188967115505004 31.423101611859547 0.017903089134517165 1.0272163380601549 0.50250559284116336 0.49294538068151 233323281.00000003 0.88599821736018025 2635.4889163181847 -0.59664914286221782 0.99164429530201359 0.94974860272496697 79.031298366196538 0.96154362416107386 -0.047829392702147963 0.083333333333333356 0.20079659660232632 0.42756892443944478 63261322.20000001 0.33081973085671063 0.70792788576144339 0.0020925481270170007 27657576.800000004 0.17068181219753473 89641502.700000018 1.0909285092586025 0.89013025227887288 0.4534378778513361 0.0069817521854307852 0.093451040710792091 0.0090252707581227002 0.032820512820512397 0.54256967670011158 -0.0034010692306901268 -0.095523503317781672 0.013539651837524126 0.016786272341618846 0.0083044982698961458 -142.07537617721633 0.95833333333333337 0.66473503242542875 -13.447921114045057
decision_type=2 2 2 2 2 2 2 2 2 2 2 2 2 2 2 2 2 2 2 2 2 2 2 2 2 2 2 2 2 2 2 2 2 2 2 2 2 2 2 2 2 2 2 2 2 2 2 2 2 2 2 2 2 2 2 2 2 2 2 2 2 2
left_child=1 3 10 5 12 7 21 46 29 24 -2 26 17 23 15 -8 -9 18 32 -11 -19 -3 -5 45 36 -26 50 30 56 -7 31 34 40 -32 -15 -23 48 -38 39 -27 42 -42 43 -4 -44 -14 -1 -28 53 -36 -12 52 -31 -6 -54 -17 -22 59 -59 -51 61 -60
right_child=2 6 4 22 9 8 14 16 -10 19 11 -13 13 27 -16 55 -18 20 -20 -21 28 35 -24 -25 25 38 47 -29 -30 51 33 -33 -34 -35 49 -37 37 -39 -40 -41 41 -43 44 -45 -46 -47 -48 -49 -50 57 -52 -53 54 -55 -56 -57 -58 58 60 -61 -62 -63
leaf_value=-0.016770479041113284 0.015122894224546461 -0.021098358635281304 -0.021498169869791597 -0.052381846301552737 -0.034702261626108462 -0.03467813955869882 -0.015022931486385907 -0.036715051952859089 -0.029941732013101293 0.0043369943082481391 -0.027277821332767932 0.022225966900326251 -0.026813353553666319 -0.04833582845171408 0.058500342586149771 0.050803120296065554 0.061694239529088625 -0.0074259039387634274 -0.011898475262072787 0.053034122034332921 0.061851752856296544 0.028321733167654968 -0.036185680730716652 -0.050763123199394078 0.0037211392731854053 0.023987305961445441 -0.018925238110504838 -0.026214598548295512 -0.0068689656583284069 -0.004558098869454871 0.024618689250637833 0.044726047453161333 -0.046267658316233112 -0.040081634592687702 -0.034099570329285567 -0.0035530982195254505 0.030003138248595709 -0.013348640587458833 -0.011873389953169836 0.059350977895989671 0.037077308177018084 -0.030615733616135871 0.062450296575230983 0.039048879112455324 -0.0015039366715956337 0.028083244816875561 -0.036473769404947315 0.042073379110058463 0.035874643399105482 -0.0018408270249467317 -0.0082020092427518669 -0.019531318823894892 -0.026077363894750995 -0.00050959974687302091 0.029638516556139638 -0.023487965557108886 0.020244037453880634 -0.035971208088881761 -0.016057638458905607 0.054357895637743625 0.044688795288640205 0.034399271385909411
leaf_weight=59.692663641049876 71.251709087286144 39.391469677371788 5.6955265436554319 159.31688812354332 21.997797717132926 6.4189675269299178 14.497674283094968 2.4884560929203854 26.040540524256357 13.365262558101675 59.79384236061378 26.509790352138225 5.5673530011845349 2.0187944170320398 21.606996693881229 12.563000982743686 7.14897142467089 5.3866364110726854 11.742960497387683 36.251348498044536 100.29630822344916 23.049903938437637 205.37802624092001 5.6182274267193852 60.041243649258831 56.894716546041309 4.708544744156824 4.4312646263279012 3.8425305918790391 17.045261881277838 8.5303391424240527 121.26771899321102 1.5210198569111515 5.2137234404217443 2.5823053044732651 34.620901944137586 19.856950395911554 12.322043597036098 7.5102200117471503 15.25898094230797 24.314870872069154 7.5493937151040873 46.516409456264228 28.627834912142134 3.5295261861756435 15.060753346300769 101.69246411180939 9.1953025762632006 3.7731746766949064 20.76138016523328 86.583403092103254 7.8116191247827365 3.1652677431702605 18.653519300674816 56.918955538589216 1.6905619739554811 8.6317171417176706 1.8685008144238953 7.5301717836118796 3.9591098474338642 48.974029474047711 12.186009799770543
leaf_count=5103 3065 3063 272 28410 1646 454 977 314 2689 598 5621 868 164 133 272 238 61 154 313 385 847 852 27947 215 2697 1402 504 159 58 1363 158 1419 57 111 86 2127 590 551 325 216 425 161 383 432 100 241 13050 287 146 772 6231 360 236 1166 1806 57 111 72 297 52 761 294
internal_value=0.00206018 -0.0231925 0.0215594 -0.0305796 0.0291412 -0.0142595 0.00948602 -0.0255418 0.00221064 0.0162548 -0.00133832 -0.0076912 0.035764 0.0286562 0.0333061 0.0128743 0.0347514 0.0432199 0.0334657 0.0403602 0.0534978 -0.00303504 -0.0433985 -0.00223944 0.0105422 0.0176598 -0.0127775 0.0320605 0.0564916 0.0116542 0.0332875 0.035412 0.0380938 -0.000639697 0.0237226 0.00936702 -0.00243433 0.0133501 0.0279267 0.0322434 0.0396256 0.0204435 0.0464874 0.0285361 0.0579008 0.0124812 -0.0293649 0.0211969 -0.0140201 0.0257336 -0.0161605 0.0155765 0.0194006 -0.0195214 0.0262427 0.0407018 0.0588143 0.0277445 0.0341218 0.00872875 0.036589 0.0150421
internal_weight=1837.73 800.539 1037.19 653.118 779.15 288.423 147.421 171.023 117.401 265.925 258.043 186.791 513.224 265.57 50.3582 28.7512 9.63743 247.655 129.498 49.6166 118.157 97.0623 364.695 26.2463 216.309 139.705 160.281 239.323 112.771 91.3601 234.892 221.148 117.755 13.7441 99.8803 57.6708 76.6035 32.179 79.6639 72.1537 116.234 31.8643 84.3693 34.3234 50.0459 20.6281 161.385 13.9038 44.4245 97.8615 146.377 84.9411 77.1295 40.6513 60.0842 14.2536 108.928 95.2792 70.5587 24.7205 68.6902 19.7162
internal_count=123924 89379 34545 81793 17969 25436 7586 18528 6908 9722 16576 13511 8247 4934 1544 1272 375 3313 2143 983 1170 6042 56357 620 8739 4640 12643 4314 1016 4219 4155 3886 1830 269 2467 2979 4099 1141 1943 1618 1773 586 1187 704 483 405 18153 791 2958 2334 11852 3765 3405 2812 2042 295 958 2248 1424 824 1352 591
is_linear=0
shrinkage=0.05


Tree=4
num_leaves=63
num_cat=0
split_feature=192 182 192 55 167 192 62 28 174 168 168 187 158 86 140 26 167 173 140 47 25 27 168 141 140 72 105 192 185 89 142 24 166 189 46 47 94 121 166 90 191 176 116 146 140 89 173 140 173 136 15 17 143 93 15 50 141 19 3 102 142 26
split_gain=521.992 66.8406 64.9358 29.6385 25.4074 19.1012 14.9322 14.5621 11.4808 11.2514 10.7746 10.5132 10.0202 9.735 8.92 8.23141 7.99604 7.79203 7.76301 7.65251 7.52038 7.32749 7.11902 13.4787 7.0913 7.16083 10.1076 7.07783 6.81178 6.72404 6.66892 6.65935 6.61852 6.58559 7.91562 6.53378 5.76817 5.49411 5.40642 5.32921 5.22446 5.14795 6.47876 8.46895 6.07393 5.28664 5.0934 4.92995 4.91009 4.87418 4.83887 6.80063 6.46514 4.83284 4.80443 4.7995 4.74067 4.71721 5.33689 4.69455 4.68709 4.56845
threshold=0.79766219239373604 6.9900376500000059 0.50083612040133796 0.98734760374733355 278560927.00000006 0.8913087248322149 0.89189017531159231 -0.010626774810708626 -16.366052091742258 459674557.52500004 6820751.7750000013 0.50250559284116336 191.79362792800006 0.61666666666666681 1.3362939722932123 0.12979852127027983 22708893.300000001 21.842388070248678 0.69193325953540286 1.2405365504965868 0.042535238760242275 0.086752945722014932 50547987.900000006 1.3773900125812164 0.84537768961705295 0.65039501626322738 0.37500000000000006 0.67057046979865786 -4.4721351199999893 0.63618905961713212 2.8948031181718963 0.047085934916963418 150499411.50000003 0.7608724832214766 1.25442465474888 1.0581977513227503 0.31909280804325069 0.25385277866670064 23904514.000000004 0.3260755203741213 0.40536127135193384 204.29809402624406 0.65319411545820316 0.55272599686272639 0.90704615069137973 -0.69065081460102229 646.48489863591806 1.2228923660031674 453.29656141118863 0.8323705263904535 0.8312650579457338 0.72741904915280386 0.60377776770044966 0.85745290002280605 0.83627599920548545 0.89968845638230455 0.8672680858354781 0.96643358926259115 0.0058823529411763933 0.59166666666666679 1.4865199965067899 0.056231737678559122
decision_type=2 2 2 2 2 2 2 2 2 2 2 2 2 2 2 2 2 2 2 2 2 2 2 2 2 2 2 2 2 2 2 2 2 2 2 2 2 2 2 2 2 2 2 2 2 2 2 2 2 2 2 2 2 2 2 2 2 2 2 2 2 2
left_child=2 11 4 12 15 7 35 18 14 27 13 21 29 28 20 -1 -14 -13 -3 50 -9 -2 30 24 31 46 -27 -5 38 -4 37 -24 -15 34 -29 -6 -28 -12 -7 -35 -30 42 47 -44 -43 -46 48 56 -26 -25 -10 52 -52 -53 57 -55 -39 -18 -59 -47 -16 -11
right_child=1 5 3 9 6 10 -8 8 19 61 22 17 16 32 60 -17 54 -19 -20 -21 -22 -23 23 49 25 26 36 33 40 -31 -32 -33 -34 39 -36 -37 -38 41 -40 -41 -42 44 43 -45 45 59 -48 -49 -50 -51 51 53 -54 55 -56 -57 -58 58 -60 -61 -62 -63
leaf_value=-0.047928021231406159 -0.027065341646366245 0.051587038891114378 -0.0019687795539840751 -0.036915262236059086 -0.028887406910577437 0.050678217050113675 -0.041262481033507728 -0.0093040051750929199 0.060212723546803397 -0.029205052514283621 0.064048809908101842 -0.027961224731596474 -0.013436996579912909 -0.056624497714417937 -0.043448046541757157 0.048136986334671852 0.046885162078213222 0.014990763770208825 -0.029078328651077436 -0.0059166722179110984 0.030810885788067989 0.00093369980542246437 -0.014087324455124098 0.050556508368275424 0.019323321575805109 0.031395757858647615 0.012046131002554455 -0.031509307180464956 0.022134826825301903 -0.031468411201923369 -0.021010064922861046 0.062279489237065916 0.015839984300432063 0.024607758374332905 0.0043395224500375083 0.055113029081231016 -0.031863663390594592 -0.021882670490696265 -0.0025134269390959993 -0.019620462589946642 -0.042535926926839614 0.011213864687007125 -0.045891362817553467 0.032642057516238089 -0.014369148144718819 0.049106944368976925 -0.017235822855116108 0.014156215837495928 0.061362083979215991 -0.015742675516942917 -0.035824846869601933 0.045816177610092518 0.029203382118415284 -0.021035891543725333 0.0078215776742252083 0.036747360250365423 0.051240753009358792 0.028839183846313676 -0.049801818234363512 -0.012925292962774965 0.00053053085882078541 0.062369468215239358
leaf_weight=335.95506265279255 40.292649591559893 2.5203920863568809 68.920255685647135 114.78432880566106 2.1129554338986081 21.382899947697297 8.2915809577316377 14.574335152676211 22.706077864626423 1.0998240050685115 36.72219572099857 10.673309632897142 20.027170525849215 6.0372228394262475 7.4083391363965374 1.4385946760885406 23.015215162944518 110.22917924801004 19.418803919106722 9.8183570376131666 48.257307132313144 52.923269569248077 3.0298753812676322 65.130393559695221 20.908480146201327 15.263219220796598 10.558909142622726 82.830359194071207 6.0748953004367667 26.151605461374857 3.2657969057327128 13.408678152132778 4.9256015168502927 13.11832683584362 18.298240450763842 11.096089329337699 20.669972993928241 1.7346010478213418 5.7330021710367864 12.116996689903315 4.5732154482975602 13.289290953136513 5.4810336963273567 6.2811596943065524 2.8762544316705307 227.07775787021092 4.5539472012314937 19.239329053089023 11.196244156919418 2.3415769811253986 5.9189155860804004 51.737830852332991 7.5397063944255933 5.8350887708947976 31.130468646719237 6.571202581981197 33.226556364097632 5.09252091764938 2.3373925680061802 2.584872481878846 20.820862180495169 4.1310729091055691
leaf_count=57787 3695 18 5318 16357 305 194 1335 516 179 186 251 979 1658 145 291 8 457 4653 960 294 962 2524 85 772 375 224 200 9352 102 2476 125 103 96 613 1066 154 501 40 106 871 111 224 113 88 48 2389 197 294 99 139 141 698 112 136 1372 87 289 134 139 63 679 39
internal_value=0.00223235 0.0260643 -0.0283797 -0.0150358 -0.0440098 0.0327677 0.00814792 0.0201782 0.0244061 -0.0262073 0.0376641 0.00124935 0.000574904 0.0146264 0.0110145 -0.0473626 0.0133678 0.0109597 -0.0177486 0.0352353 0.0214276 -0.0112747 0.0397857 0.0307725 0.0186993 0.012363 -0.000645339 -0.0278418 0.0266211 -0.0103784 0.0439526 0.0479165 -0.0250457 -0.0193354 -0.0249949 0.0402368 -0.0169489 0.044634 0.0395649 0.00324215 -0.00647833 0.042134 0.0286834 -0.00429013 0.0455921 0.0474789 0.0285726 0.0358777 0.0355457 0.0479863 0.0393313 0.0324697 0 0.0391545 0.0222413 0.00965513 0.0469661 0.036109 0.000533234 0.0483341 -0.0119315 0.0407159
internal_weight=1786.76 1004.81 781.948 423.054 358.894 790.694 21.5006 223.127 201.188 246.379 567.567 214.118 176.675 48.7268 91.0608 337.394 81.6028 120.902 21.9392 110.127 62.8316 93.2159 518.84 167.061 99.5893 83.1508 46.4921 241.148 37.764 95.0719 351.779 16.4386 10.9628 126.364 101.129 13.209 31.2289 348.513 27.1159 25.2353 10.6481 311.791 65.9627 11.7622 245.828 232.539 36.6587 54.2005 32.1047 67.472 100.309 77.6027 13.4586 64.1441 61.5756 12.4063 34.9612 30.4451 7.42991 229.663 28.2292 5.2309
internal_count=123924 24297 99627 40038 59589 12446 1794 5073 4095 28484 7373 11851 11554 754 2448 57795 3760 5632 978 1647 1478 6219 6619 2695 1784 1596 925 28259 513 7794 3924 188 241 11902 10418 459 701 3799 300 1484 213 3548 824 201 2724 2500 671 623 474 911 1353 1174 253 921 2102 223 329 730 273 2452 970 225
is_linear=0
shrinkage=0.05


Tree=5
num_leaves=63
num_cat=0
split_feature=192 182 20 137 1 167 92 192 56 35 27 38 158 192 12 27 1 189 187 167 171 0 91 29 49 163 38 163 152 70 91 24 137 94 135 155 24 191 0 192 131 170 165 35 183 9 169 72 32 168 168 168 38 167 175 67 173 128 133 57 139 167
split_gain=466.328 56.9861 53.3156 15.7872 13.8175 11.3012 15.5697 11.0614 10.9327 10.2799 10.1928 8.86664 10.7563 8.3617 7.55985 7.45572 7.34647 7.33678 6.16628 6.08064 11.5571 7.28508 5.94611 5.84856 6.86344 5.46035 5.43646 6.82561 13.2649 11.1763 6.31801 6.60819 6.39278 6.1684 5.92 5.35476 5.17585 5.05289 4.93564 4.9225 4.88317 4.82496 4.71718 4.57342 5.6945 4.53192 4.4455 4.40359 4.32731 4.30151 4.89576 6.43547 4.29144 9.25492 7.53974 7.72606 7.1169 5.24145 5.35505 4.81606 4.20949 4.14996
threshold=0.79766219239373604 6.8458653899999868 0.95114268099465427 0.55374490301258772 0.017684462534055489 278560927.00000006 0.82743791797243749 0.38063545150501682 1.2798739167326614 0.79452784876138449 0.17729884883913377 0.50295155484404075 691.52966477200005 0.68394854586129761 0.068443745390106295 0.083034395863140861 0.035175879396983988 0.56928093645484956 0.58681159420289875 68822104.900000021 36.046982582685722 -0.030612244897955092 -0.0063979984393782311 0.012213435086430314 0.91623871223120334 7.3792801800566403 0.86548080817008743 7.7549421027922003 0.4338851698647847 0.80620155038749142 -0.34051621231030282 0.048807331245866101 0.35253016892180022 0.76635893973898739 0.17585039655431264 0.13773219645912019 0.038518221568138958 0.43645413870246091 0.028930817610062724 0.72073825503355715 0.8153646092999659 10.993838462227913 -0.29064827117692005 0.75978112129927811 -11.933007084999955 0.98887993365184168 0.84271798243336382 0.95971936084987952 0.56292569300314255 49210382.875000007 37441721.975000009 25514747.825000003 0.094602607123100868 37905492.300000004 13.919456238608428 0.81250000000000011 707.72871757965015 0.88186905254170778 0.30005375620266156 0.91484730673878289 0.96341386050169431 162407974.60000002
decision_type=2 2 2 2 2 2 2 2 2 2 2 2 2 2 2 2 2 2 2 2 2 2 2 2 2 2 2 2 2 2 2 2 2 2 2 2 2 2 2 2 2 2 2 2 2 2 2 2 2 2 2 2 2 2 2 2 2 2 2 2 2 2
left_child=2 9 7 10 -4 8 -7 -1 13 15 23 12 17 -6 -13 18 -9 -5 -2 20 21 -18 -12 24 -3 36 27 30 -29 33 32 34 -25 42 -32 46 -21 -11 -19 -27 -35 -36 -30 49 -45 -16 60 -33 -49 50 51 -31 53 56 55 57 -43 -54 -59 -57 -28 -51
right_child=1 3 4 11 5 6 -8 16 -10 37 22 14 -14 -15 45 -17 19 38 -20 25 -22 -23 -24 26 -26 39 35 28 29 43 31 47 -34 40 41 -37 -38 -39 -40 -41 -42 52 -44 44 -46 -47 -48 48 -50 61 -52 -53 54 -55 -56 59 -58 58 -60 -61 -62 -63
leaf_value=-0.044836127763550643 -0.034342531396532046 0.060472962367954387 -0.050353066733179234 -0.012257482495437948 -0.04014737588064643 -0.044442167622552729 0.049010609823293111 -0.016111915877697773 0.037530532631633334 -0.0092830388019948841 0.07146546520458745 -0.015840917252616018 -0.042372838534835276 -0.021763365259477505 0.0023480576700628478 0.0034160546956329058 -0.038623738965505056 0.031468101063214876 -0.0057377877767878357 0.017953960812213059 -0.022316270164347153 0.029707036375721224 0.034600897901090007 -0.037809498971728361 0.012994497967921273 -0.0017145949304443236 0.037421101706065517 -0.016555371689677106 -0.018142104925399218 0.042907432112972904 -0.011278857460498178 0.046132075942050654 0.03085372840253944 0.0080728115872773284 -0.030615739104717404 -0.013525479340078856 -0.034544626349054232 0.035355972803396543 -0.039770481958149896 0.05492579884358896 -0.052508655349873673 0.037084484520523507 0.019882258294573227 -0.009335147848141186 0.032611523727590436 0.037233422149644986 0.054349276793082539 0.035140220364536158 -0.045381190908605977 0.000612329725178054 0.065417557211939314 -0.016430093680012241 -0.019811279231815367 -0.033456666081585519 0.047280638651424109 -0.007959163510637168 -0.032999317768272828 0.033690200066300656 -0.033256235161175068 0.043826618153265683 -0.041671162680669227 0.049170220376180733
leaf_weight=17.028567999703228 31.238047612030641 30.105206585722044 170.89460723139928 21.932803330608294 263.20239711650356 7.0203444079961654 9.0207291718106699 69.153823055472458 4.3457439958583555 7.7977918207761858 24.513571459334344 9.3320153203676437 11.769864053421768 88.131671547846054 11.942241718061267 91.885212252018391 3.6693819924257722 26.200695409628683 47.810386206343537 14.54631721484475 37.588823606420192 24.177237852127291 27.085596814751625 5.8541365715209377 11.327154350001363 4.9736165171489146 2.798393551260232 21.853137261001393 8.2802881990792212 24.872153398580853 8.890397127135655 94.352507315692492 5.6872355781961232 6.1328711889218521 2.4752958093304178 3.1523786915931842 5.7140211710357098 24.012468488086597 1.7617587884888042 12.974248104495926 5.4689395446330309 23.389465234591629 70.69198351103114 11.511262610089032 22.601685702335089 49.975899925339036 40.16620837082155 2.5635278308764091 2.1280530379153788 12.152900916931687 25.341707671992481 4.8563445849576956 13.073249380802737 7.1571354243205851 61.161720182280988 4.6779528916813424 3.3811697303317478 13.994774959923236 2.8059925674460819 32.538550454890355 2.0107665206305683 6.1182360675884402
leaf_count=2719 3591 209 32167 872 41982 1181 87 6608 135 427 109 479 628 8949 239 4224 198 434 2918 734 2958 803 351 202 230 314 26 577 229 278 234 995 75 131 120 68 651 678 52 184 159 309 1294 193 276 786 315 29 53 202 123 100 310 217 701 91 107 175 92 367 50 73
internal_value=-0.000258173 0.0222717 -0.0304246 0.028417 -0.0383947 -0.0327632 0.00760988 -0.0075342 -0.0346143 -0.00131159 0.0316567 0.0125352 -0.0012938 -0.0356248 0.0244252 -0.00622274 -0.00359263 0.00894031 -0.017392 0.00478694 -0.00441882 0.0195029 0.0532352 0.0296861 0.0482228 0.0203909 0.0282014 0.0265369 0.0196922 0.0237805 0.0317286 0.0332602 -0.0038134 0.0105919 0.026999 0.0446361 0.00198419 0.0243116 0.0255889 0.0397039 -0.0219883 0.0291516 0.0156559 0.034651 0.0184517 0.0307288 0.0490269 0.0438015 -0.00206122 0.0417689 0.0488155 0.0328323 0.0302765 0.0136563 0.0344948 0.0222422 0.0271832 0.00290843 0.0209881 0.0371486 0.00201026 0.0188395
internal_weight=1713.27 980.831 732.442 778.087 542.615 371.721 16.0411 189.826 355.68 202.744 645.172 132.915 61.6651 351.334 71.2502 170.934 172.797 49.8953 79.0484 103.644 65.4354 27.8466 51.5992 593.573 41.4324 38.2082 552.14 504.013 219.882 198.028 284.131 272.59 11.5414 90.5741 173.546 48.1277 20.2603 31.8103 27.9625 17.9479 11.6018 164.655 78.9723 107.454 34.1129 61.9181 44.9754 99.0441 4.69158 73.3413 55.0702 29.7285 162.18 33.9278 128.252 67.0905 26.7706 29.874 16.8008 37.2165 4.80916 18.2711
internal_count=124068 24398 99670 12560 84501 52334 1268 15169 51066 11838 9070 3490 1986 50931 1504 10733 12450 1358 6509 5842 3959 1001 460 8610 439 1883 8171 7712 3635 3058 4077 3800 277 1813 2723 459 1385 1105 486 498 290 2489 1523 1245 469 1025 391 1077 82 776 501 378 2369 633 1736 1035 416 577 267 458 76 275
is_linear=0
shrinkage=0.05


Tree=6
num_leaves=63
num_cat=0
split_feature=178 182 51 49 12 188 1 27 46 168 71 90 178 102 142 27 177 86 190 177 85 118 117 152 189 178 51 15 12 21 161 161 122 27 128 171 166 12 142 18 57 80 12 187 37 89 4 152 27 23 88 42 37 182 25 168 174 17 114 101 42 107
split_gain=313.753 103.121 50.7662 22.2303 20.4569 15.8431 14.4125 12.2741 12.2046 10.664 10.2169 9.50706 9.20284 8.96933 8.47797 7.7034 7.04187 6.6117 6.80128 6.60589 6.55201 6.31018 6.23789 6.34455 6.17663 5.98499 8.29349 6.50135 5.91467 5.81838 5.60394 6.15692 5.5431 5.51367 7.47887 5.32432 6.89404 7.37161 5.17501 5.08222 4.88498 4.82797 4.72341 4.72211 4.66484 4.63452 4.55953 4.45956 4.38347 4.36086 4.2848 4.64202 4.25639 4.24292 4.23928 4.23858 5.39501 4.44665 4.33857 4.32111 5.77527 4.02499
threshold=0.022586026757752311 6.8458653899999868 0.86788504196402594 0.91403699673553118 0.096128060626833725 0.92654403567447063 0.03865928546737412 0.083034395863140861 1.2992687361300419 372750602.95000005 0.63087248322139444 0.71136981024937451 0.018251473079382973 0.52500000000000013 1.6025087929961888 0.10431166294331611 0.026814639413385615 -0.34999999999999992 0.72073825503355715 0.025404940894341733 -0.17499999999999996 0.38926688780887753 0.64902171508038797 0.53243717991700801 0.29598434004474278 0.03012592743594256 0.89577780062465118 0.92628114646453608 0.091046025624082136 1.1844102228428166 17.556591911416465 37.538420715008833 0.38590342421051227 0.099775681491723764 1.2610191454147162 75.264112400725722 92987428.000000015 0.15010845906846429 1.7806308028558131 1.0128771191051931 1.2127668890531158 0.47500000000000003 0.90227380437596494 0.94639850957329819 0.0050921974754531496 0.88386003093423604 0.10389610389608288 0.49886256096551279 0.14645003484561905 0.042611617416408794 0.91430099249822827 0.088098784799354679 0.0051967268776842252 5.9543792200000079 0.034200054570272899 7249548.7500000009 -11.724332945065184 1.0266308033422558 0.25862068965506735 0.48333333333333339 0.00088983544805081483 0.47500000000000003
decision_type=2 2 2 2 2 2 2 2 2 2 2 2 2 2 2 2 2 2 2 2 2 2 2 2 2 2 2 2 2 2 2 2 2 2 2 2 2 2 2 2 2 2 2 2 2 2 2 2 2 2 2 2 2 2 2 2 2 2 2 2 2 2
left_child=2 5 6 13 10 7 32 9 11 38 40 25 -4 14 16 -10 45 48 -19 -12 -15 -17 23 33 -8 26 27 -6 -26 43 -7 -32 -1 34 50 -16 -37 61 53 54 -5 42 49 -14 -39 46 -3 -29 -9 -30 -18 -52 -11 -2 -22 56 -27 58 -57 60 -60 -38
right_child=1 3 12 4 8 30 24 17 15 52 19 -13 29 20 35 21 22 18 -20 -21 39 -23 -24 -25 28 55 -28 47 41 -31 31 -33 -34 -35 -36 36 37 44 -40 -41 -42 -43 -44 -45 -46 -47 -48 -49 -50 -51 51 -53 -54 -55 -56 57 -58 -59 59 -61 -62 -63
leaf_value=-0.025912458000052565 -0.029582890179541084 0.030154096063423147 -0.043373808915146805 -0.031524043112113841 -0.010007913896338462 -0.034630829799086153 -0.044717830266642784 -0.00050528317214697596 -0.010905543959204235 -0.029522985495962224 -0.021328784649158414 -0.02305433509060615 -0.030559853232132162 0.0020233840889000341 0.020917376204691251 -0.026738976429892394 0.03601778377484563 -0.029696936168940875 0.0024093818506021407 0.030555177358457804 0 0.05117563783556324 -0.01459401049069331 -0.031585031302142658 -0.018058179306766693 -0.030846291613050171 -0.018779699313695174 0 0.037014339245960988 0.037774568260461147 0.038242555320393959 0.0030586368890743506 0.001712138419885971 0.047406420429455587 -0.0044264954975095786 -0.042703676700368898 0.024142003541179919 -0.013519199268559571 -0.052242845881621439 0.015731882030876956 0.0099816612801048987 -0.033725294448417507 -0.016969987210035103 0.011081046396709053 0.046778964320920602 0.049636573175071766 -0.029392977551489719 0.056077975762610803 0.033309632080701583 -0.039091561065698908 0.020627990960644601 -0.04561558724479952 0.050023513910136243 0.0055221488052140119 0.043894132187530854 -0.016516861723643837 0.027487618484876925 0.049011895743762496 0.043091890948699751 0.013314806814883718 -0.025629503133962086 -0.035936567481385094
leaf_weight=59.68286204427568 71.387182004531496 3.4620947916992035 309.70906970073702 37.428829840617254 9.7031143713975343 4.7398741563229114 3.2082654248224562 29.066595346550457 5.8707219837233415 1.4885027690324921 8.0183282691868971 14.867346102430018 103.06825573919195 12.385288724093696 52.975954487337731 2.0676389196887603 105.31157291431737 34.323557423835155 30.183135556188063 18.409953192342073 5.6067837764276183 47.182295664213598 6.1931658692192277 2.831576589960604 8.6554554546019045 7.0458176903193817 22.919238686474273 5.1994598950259414 40.46818596617959 2.5777716878801575 20.262354990685708 31.24806157706189 25.275250105507439 63.922968415427022 14.687087553786112 7.7596161765832212 2.9714238988235619 3.7211433900520197 25.494213794154348 21.701065947068855 7.9829745888710013 2.4139318842790081 4.3513172974344334 6.6132556895317967 10.875270839314906 2.6052182829007497 10.650745287886819 11.396335008234017 13.074745518853886 1.1229099589399982 9.2645258489064855 2.5529884337447575 5.0477323806844652 9.1788431323220703 187.78264452709118 6.0897708402480921 6.7934468972962332 18.803975296090357 33.466948403394781 42.628010105399881 2.6112101208418599 8.9395172034855914
leaf_count=6825 8582 96 55789 3155 373 526 375 1766 213 172 568 793 14112 308 1237 27 1497 3138 1387 558 179 367 131 66 592 285 1333 265 1456 53 560 1358 2335 558 377 337 83 91 3708 370 374 306 326 430 139 25 418 151 383 66 162 90 54 621 2172 162 122 233 469 961 80 323
internal_value=0.000175643 0.0155176 -0.0300916 0.0241763 0.0133888 -0.011004 -0.00450832 -0.0170743 0.0204703 -0.0285245 -0.00983034 0.0140303 -0.0388503 0.0303367 0.0245782 0.0409618 0.0297874 -0.00478631 -0.0147904 0.0144276 0.0379883 0.0473381 0.0323239 0.0338781 0.0140222 0.0174862 0.00265884 0.021529 0.0181277 -0.0260535 0.0124538 0.0174587 -0.0177116 0.0350062 0.0286436 0.0111096 -0.00407449 0.00819318 -0.0324056 0.0400171 -0.0240621 0.0249407 0.0287825 -0.0279265 0.031205 -0.00106947 -0.0134256 0.0397728 0.0103991 0.0339726 0.032835 0.00348468 0.0297311 -0.0255034 0.0426216 0.0235831 -0.0019516 0.0270279 0.0215802 0.0247608 0.0374261 -0.0198525
internal_weight=1687.33 1120.18 567.147 844.686 308.485 275.495 145.178 219.245 236.645 112.596 71.8401 181.525 421.968 536.201 308.725 55.1207 221.482 106.648 64.5067 26.4283 227.476 49.2499 204.764 198.571 60.2201 166.657 49.2181 26.2989 57.0118 112.259 56.2503 51.5104 84.9581 195.739 131.816 87.2429 34.267 26.5074 106.06 215.09 45.4118 48.3563 45.9424 109.682 14.5964 16.7181 14.1128 16.5958 42.1413 41.5911 117.129 11.8175 6.53624 80.566 193.389 117.439 13.8393 103.6 84.7959 78.7062 36.0782 11.9109
internal_count=124068 41403 82665 19148 10489 22255 12281 19811 5834 13137 4655 5227 70384 8659 5630 607 3420 6674 4525 1126 3029 394 2881 2750 3121 4434 2122 789 2746 14595 2444 1918 9160 2684 2126 2210 973 636 12911 2721 3529 2154 1848 14542 230 539 514 416 2149 1522 1749 252 226 9203 2351 2312 407 1905 1672 1510 549 406
is_linear=0
shrinkage=0.05


Tree=7
num_leaves=63
num_cat=0
split_feature=192 15 182 1 192 35 41 137 61 44 168 26 92 168 140 170 189 90 144 26 56 49 84 109 43 81 46 55 142 165 39 5 117 138 144 4 165 173 192 92 92 17 93 114 22 23 117 151 85 72 27 171 129 37 70 143 169 53 113 175 107 163
split_gain=394.264 53.049 48.9123 18.4862 12.7617 12.3757 10.709 9.06565 8.50802 9.49869 8.26036 7.3643 6.89458 8.36726 6.86338 6.69606 6.10107 5.83006 5.71259 5.48758 5.20577 7.95058 5.44383 5.19717 4.84109 4.88988 8.53801 5.12074 4.71232 5.05335 4.68866 4.55588 5.69833 4.52204 4.36951 4.36753 4.00616 4.00502 3.87197 3.79297 3.78527 5.24355 4.57369 4.3523 3.93004 3.91907 4.38036 3.78366 3.72329 3.70268 3.66734 3.5961 3.44476 3.39491 5.2178 3.9655 5.91004 5.00749 5.06298 5.01968 4.58129 4.4704
threshold=0.79766219239373604 0.89251866141920733 6.8458653899999868 0.035175879396983988 0.61371364653243854 0.79452784876138449 0.91838132085930468 0.5419579190010404 0.84106503388788634 1.0902777777777743 165079233.00000003 0.16771456232937579 0.82743791797243749 230725023.05000004 1.4475064298540783 28.095238095238049 0.79097315436241622 0.60640718251072023 0.73261942778996603 0.074606361755440526 1.1783847257693305 0.91403699673553118 0.45000000000000007 -0.34999999999999992 1.1049667155978067 0.51666666666666672 1.2313591507473329 0.93032509915484229 1.4742557437663562 0.036159851531990202 -0.015773132292462706 0.027605873619350726 0.70702620460035348 0.54731756539867116 0.481644312961584 0.15254237288132713 0.12327024437812951 246.13244900381497 0.98495525727069355 0.75883925221451809 0.62784877435906972 0.68222375285081627 0.90138665030498855 0.37339055793991099 1.0953275941570315 0.017364773864272976 0.45493543041162754 0.50277181195347531 -0.3249999999999999 0.86568050034644684 0.12507155673254469 80.649513947057002 0.64139224768931891 0.016427355756832272 0.73282442748088916 0.5584011976813078 0.77616666059725825 1.0213729715109907 0.62276514586480014 17.935907268619911 0.57500000000000007 139.69663335536907
decision_type=2 2 2 2 2 2 2 2 2 2 2 2 2 2 2 2 2 2 2 2 2 2 2 2 2 2 2 2 2 2 2 2 2 2 2 2 2 2 2 2 2 2 2 2 2 2 2 2 2 2 2 2 2 2 2 2 2 2 2 2 2 2
left_child=1 3 5 10 11 14 7 20 9 18 -1 12 -3 -14 30 37 19 24 -5 -6 21 23 40 36 25 27 -27 -17 33 -30 38 53 -33 -22 -7 -24 -4 -9 -2 -12 42 -42 43 -23 -43 46 -45 -29 -37 -50 -19 -34 -35 55 -55 57 -57 61 59 -59 -58 -25
right_child=2 4 6 8 16 34 -8 15 -10 -11 39 -13 13 -15 -16 17 -18 50 -20 -21 28 22 35 31 -26 26 -28 47 29 -31 -32 32 51 52 -36 48 -38 -39 -40 -41 41 44 -44 45 -46 -47 -48 -49 49 -51 -52 -53 -54 54 -56 56 60 58 -60 -61 -62 -63
leaf_value=-0.031944504723917619 -0.019258958539241859 -0.042396176697817867 -0.051068285617449083 0.026360704711211082 -0.032486446079163768 -0.0028455903295141883 0.054804514122454601 0.024531486367416269 -0.021235124542172211 -0.029973838940757353 -0.022297122928125825 0.046392219231516756 -0.040847540405064775 0.036919012608158573 -0.022951630999090426 -0.048742276020185389 -0.0035677596676562716 -0.023350865976100151 -0.028011941467663493 -0.00090663419969237019 -0.027442265590033127 0.0066771655472979072 0.017190745367517874 0.039466845762714621 -0.034941593669171343 -0.033908502997872625 0.033467096612241065 0.015529620238425079 -0.030904640746537898 0.033593967297952707 0.0081018249082789161 0.049117436248394958 0.031910536993468012 0 0.034578544630104034 0.023487434939092187 0.017595416239871525 -0.013958356068430927 0.0203104124891893 0.047136947116412579 0.036596036587481062 -0.034849797886738802 -0.025833182639925741 -0.031624436627967198 0.037750069410747475 0.038631394171714413 0.023349433229971892 0.045426122426211052 -0.054522401370810693 0.013892683696855798 0.019145906303762415 -0.052954360408849738 0.058954653200797617 0.024073141639318511 -0.056041440002300248 -0.031005723813682929 0.026190421982029668 -0.0039128461019175614 -0.026692707096272118 0.039624674240609115 -0.019827939428294025 -0.016404226371192942
leaf_weight=50.750805053852673 37.022570270914002 368.50547864691907 2.6350418818183234 69.837312999181449 105.21360924086184 10.328329602547454 32.565471981768496 7.7947830787161356 16.680984751561482 8.6658666541334224 2.1954238016041918 1.5798220090655366 6.1109523768536729 5.7217301827040501 48.709093255682092 0.90682163834571738 32.16205052742589 10.524235236269307 4.2966656602220601 16.246281527652172 1.0848221760243166 24.142566200345755 9.0731546347960847 148.34394327527843 2.2581449002027503 7.3024739595130113 9.814560351893304 16.792197064729407 3.400423659477382 8.9479267025599238 63.881074013690522 48.646758116548881 1.3437568843364709 2.7668189499527207 26.676592698378954 2.1486507679801443 4.1286222550552338 27.878714463811775 6.4166918534319839 4.5468266494572163 4.5751368900528169 9.0862542874092451 3.6502259318949646 3.7658215590054196 1.3602872653864313 52.973262954736128 14.137908963370135 41.264426308101974 7.5475528577808255 1.9796723037725312 8.0299790830249531 1.7142015325371174 35.718412087066099 4.5137976021505883 2.2091467445716262 3.9905201555811791 165.63309043936897 9.8078723507933336 4.9880535335978484 17.288699356839061 4.7732593796681604 3.0292135577183208
leaf_count=6491 3077 67840 74 2290 14756 456 226 143 1593 883 316 9 1081 122 4113 28 2527 458 391 1280 22 667 210 1453 92 289 155 364 82 99 3326 413 14 60 649 49 59 1346 217 91 92 417 133 125 19 812 251 541 286 35 209 58 218 64 63 115 2156 167 123 201 126 46
internal_value=0.000504416 -0.0282718 0.0211133 -0.00265342 -0.0357526 -0.0013766 0.0267194 0.0254079 0.010338 0.0169359 -0.0250105 -0.040696 -0.0411916 -0.00290705 -0.00759022 0.0133362 -0.0232467 0.02011 0.0228119 -0.0283451 0.0279995 0.0264685 0.0156132 0.0298615 0.0260256 0.0283299 0.00416224 0.0350759 0.0435334 0.0144735 -0.000424518 0.0305741 0.0449596 0.0518985 0.0242016 -0.00747246 -0.0116434 -0.00497226 -0.0129759 0.0239222 0.0198985 -0.00301935 0.023433 0.025627 -0.0224874 0.0318295 0.0104606 0.037273 -0.0268765 -0.0398621 -0.00466466 -0.0157563 0.0548999 0.0284029 -0.00545268 0.0290663 0.02329 0.0343742 0.0154923 0.0241095 0.0247641 0.0382156
internal_weight=1660.08 692.514 967.571 156.974 535.54 193.034 774.537 741.971 99.4808 82.7998 57.4931 381.918 380.338 11.8327 156.029 132.566 153.622 96.8928 74.134 121.46 609.405 557.486 134.44 423.046 78.3386 76.0805 17.117 58.9634 51.9184 12.3484 107.32 416.282 51.7047 39.5701 37.0049 20.749 6.76366 35.6735 43.4393 6.74225 113.691 15.0217 98.6698 95.0196 10.4465 70.877 17.9037 58.0566 11.6759 9.52723 18.5542 3.05796 38.4852 364.578 6.72294 357.855 174.397 183.458 32.0846 27.0966 170.406 151.373
internal_count=124068 99670 24398 12055 87615 11838 12560 12334 5157 3564 6898 69052 69043 1203 10733 3625 18563 2136 2681 16036 8709 8228 3096 5132 1469 1377 444 933 481 181 6620 4999 485 300 1105 580 133 1489 3294 407 2516 528 1988 1855 436 1188 376 905 370 321 667 72 278 4514 127 4387 2397 1990 491 368 2282 1499
is_linear=0
shrinkage=0.05


Tree=8
num_leaves=63
num_cat=0
split_feature=192 15 185 1 1 10 137 27 167 26 29 192 167 170 27 135 170 92 189 121 149 164 27 95 21 19 10 176 139 97 87 39 189 97 91 191 152 187 99 190 90 192 12 133 91 145 128 166 130 192 174 28 129 167 159 94 45 3 187 171 106 139
split_gain=357.124 51.6617 27.1367 16.8234 13.2243 11.5303 11.3813 9.06389 8.62802 8.80625 8.32442 7.95559 7.66453 8.02921 7.23334 6.95893 6.7525 6.15692 6.12355 5.19252 7.41887 5.03939 10.2675 9.35419 6.64355 6.44391 5.41199 5.18652 7.33838 5.89631 6.89948 5.07468 4.87473 4.68719 5.09079 5.4719 4.67025 4.63776 4.61258 4.563 4.55887 4.51835 4.51307 4.32404 4.25723 4.1637 4.11963 4.09704 4.07455 4.02671 4.02152 4.02111 4.01799 4.00898 3.98088 4.00902 3.9551 3.94125 3.8952 3.83055 3.80738 3.92801
threshold=0.80100671140939605 0.84078867812578173 -1.6653854249999964 0.037383177570093379 0.018249655460515921 1.0343784849509807 0.55374490301258772 0.17729884883913377 423194200.90000004 0.10779917289466102 0.075348837208864775 0.66388143176733794 31063067.100000005 2.9082293340034919 0.081658127061938299 0.40227765863778836 28.447020363589285 0.83306300512738141 0.89465324384787481 0.22959444415603866 0.30593860028603292 11.457085121388397 0.067947426081454668 0.43015773086819425 0.88501444907428573 0.92364413206646934 1.0282083615409785 199.30642985091973 1.1931679750289359 0.3658825159171511 -0.54166666666666663 -0.018463755643845708 0.79097315436241622 0.62400952582893587 0.60635424280720984 0.98829977628635357 0.48627578896580953 0.71488255033557058 0.55000000000000016 0.92475391498881443 -0.071880622915370798 0.89465324384787481 0.98816232413230509 0.10338782289308356 0.87152793865052947 0.54131222513484778 0.56349780592122622 604687868.00000012 1.033659396586333 0.83445190156599558 -22.439587411264302 0.029877338545658664 0.94255771874039829 47587429.400000013 174.74848444299997 0.022251756990239506 1.0572450805008871 0.014310546245568613 0.76884357253484781 10.0467971191598 0.41666666666666674 1.443769152498682
decision_type=2 2 2 2 2 2 2 2 2 2 2 2 2 2 2 2 2 2 2 2 2 2 2 2 2 2 2 2 2 2 2 2 2 2 2 2 2 2 2 2 2 2 2 2 2 2 2 2 2 2 2 2 2 2 2 2 2 2 2 2 2 2
left_child=1 3 6 18 -3 14 7 10 9 11 46 -6 13 -5 45 38 53 -10 -1 20 44 26 43 25 39 -24 27 33 59 30 57 -26 -13 34 -21 36 58 -16 -14 -25 -41 49 48 -23 -12 -4 -2 51 -18 -22 -49 -31 -47 -8 55 -40 -7 -30 -36 -29 -58 -62
right_child=2 4 5 12 8 56 16 -9 17 -11 19 32 15 -15 37 -17 42 -19 -20 21 41 22 23 24 31 -27 -28 28 29 47 -32 -33 -34 -35 35 -37 -38 -39 54 40 -42 -43 -44 -45 -46 52 -48 50 -50 -51 -52 -53 -54 -55 -56 -57 60 -59 -60 -61 61 -63
leaf_value=-0.034147815452035012 -0.0280102198838116 -0.044607134516139541 -0.02908357847468095 0.017321324301075452 -0.034986146351682866 0.037873143474043108 0.00058427462175436715 0.047645447862137702 -0.031820738014903399 0.02551277170849487 -0.058427566075834526 -0.025860772456137483 0.048273891508246805 -0.037278888940063058 -0.0066056856137887325 -0.025995081892463013 -0.025866424490276124 0.041293215075635964 0.015795908427388591 0.0017649493159043997 0.037624797247236712 0.029161350180017087 -0.049079795440940564 0 0.016830829431637759 0.0059164671333421679 0.034275116862414086 -0.022824533721979567 0.034463843165606751 0.044259513886301109 -0.042439026504951516 -0.04104930763951329 -0.0038081061815650932 -0.035888150053862145 -0.013944292656212137 -0.031417296559718859 -0.0026356365424138415 0.020957591313737155 0.040962078833160005 -0.024137567083602762 0.042638999254476187 0.052624246314386662 0.044199804496934947 -0.036895256987625462 0.030780723042026843 -0.022473790325181469 0.04098070370358272 0.029916833505184037 0.015810231699651116 -0.028741604115576233 -0.036302944843125733 -0.017467741302314536 0.032483342314663731 -0.040412840159734731 0.033882222594953784 -0.026907484780424325 -0.012730884302129777 -0.034423891035608091 0.047125245566606154 0.036692015297605844 0.020358851827397453 -0.015551894427743832
leaf_weight=28.311239601112902 1.470866544288582 175.01131461073237 36.528163574294013 15.813817527843641 257.31462031347473 17.456657308037393 23.73629763197096 52.852799219894223 3.5542064291075786 6.4621269491035482 2.2029987210407849 78.954778811159485 25.663383407401852 10.207578544563146 36.206690437109501 4.4876616197871035 5.4331469375174484 6.9356826883740723 6.9727019985439247 46.644692120491527 3.9289110410027197 2.1629152693785718 5.6628145454451468 8.4232373381964845 10.317298793001099 25.348158044740558 100.15132116992027 2.0550724503118536 6.8995480842422712 16.569265576661572 8.6139233738649619 4.6789674855535841 37.897051913030737 4.2010226364945984 2.3263517399318543 2.8617221568711093 7.2306612515822044 24.779768129868899 1.9815434024203584 1.9764303248375572 50.727702751755722 34.4753883065423 12.730391236487774 12.516702136141246 1.3937415471300481 5.6740368508617376 91.721818560094107 3.1406668750569224 67.474357808976492 3.2453110618516803 4.1123948579188427 2.4254541923291972 5.5966772980173118 6.8509168532182221 11.154958537081255 7.0179480839287862 12.478691984317264 1.8602647167863322 24.912940949434415 81.693240714113927 63.687844524043612 7.7303052829010985
leaf_count=4008 57 34865 3776 402 44056 314 1112 461 582 280 90 10120 441 912 2080 403 234 77 519 1415 53 26 145 159 265 494 1305 67 101 187 261 159 2639 178 113 76 231 758 33 38 485 272 165 410 17 445 1177 41 1883 116 118 57 212 571 232 501 518 49 315 977 1716 299
internal_value=0.000808286 -0.0269253 0.0204995 0.00409526 -0.0330462 0.00457499 0.0249722 0.0276352 -0.0277597 -0.0290017 0.0257108 -0.030022 0.0172792 -0.00449897 -0.00667353 0.02851 0.0104094 0.015472 -0.023977 0.0229521 0.039286 0.0211658 0.0122871 0.017714 0.0270555 -0.00518952 0.0245263 0.0198362 0.0263012 0.00922951 -0.0127474 -0.00235293 -0.0188441 0.0102513 0.0130135 0.0265251 0.0322266 0.00467047 0.0343965 0.0342724 0.0396389 0.0452594 0.0175798 -0.0256044 -0.0235955 -0.0210489 0.0395529 0.0238938 0.0123288 0.00714835 -0.00687252 0.035648 0.00483193 -0.00942866 0.0150429 -0.00886171 0.0166444 0.0172941 0.0414235 0.0349205 0.0117743 0.0162417
internal_weight=1632.91 677.741 955.169 111.611 566.13 210.139 745.03 628.805 391.118 380.629 575.952 374.166 76.3269 26.0214 108.785 50.3055 116.225 10.4899 35.2839 482.759 45.2464 437.513 121.814 107.135 76.1236 31.011 315.699 215.547 127.37 43.6215 17.3737 14.9963 116.852 88.1774 83.9764 37.3317 34.47 60.9865 45.8178 61.1274 52.7041 41.6496 85.6379 14.6796 3.59674 47.7989 93.1927 26.2478 72.9075 7.17422 7.25306 18.9947 11.2707 30.5872 20.1545 8.99949 101.353 8.75981 27.2393 83.7483 83.8968 71.4181
internal_count=124068 100070 23998 7451 92619 10118 13880 9915 57754 57095 9454 56815 2924 1314 7271 1610 3965 659 4527 8220 548 7672 2181 1745 1106 639 5491 4186 1858 814 411 424 12759 2328 2150 735 659 2838 1207 682 523 441 2282 436 107 4433 1234 403 2117 169 159 244 657 1683 766 534 2847 150 428 1044 2533 2015
is_linear=0
shrinkage=0.05


Tree=9
num_leaves=63
num_cat=0
split_feature=192 15 182 1 35 41 1 137 167 92 56 167 172 176 92 140 189 134 192 13 38 37 45 96 167 56 188 160 27 41 35 117 81 158 164 69 89 154 170 140 35 162 168 163 121 91 192 144 129 135 101 91 94 15 37 47 173 114 166 37 99 25
split_gain=326.519 48.6047 41.1426 16.4252 11.386 10.3331 9.88451 9.47763 8.85008 13.085 7.35283 7.24868 7.97271 6.71206 7.23406 6.44966 6.14217 5.67098 5.24681 5.23028 4.65047 4.56488 4.44493 4.60443 4.43514 4.36426 5.12597 6.56876 8.12038 6.59647 5.86093 7.56861 5.42037 7.36325 7.76264 5.527 5.29269 6.71541 7.16068 5.37958 4.96344 4.44093 4.38384 4.66261 4.85135 4.33655 4.30385 4.24749 4.23343 4.19306 4.18042 6.19338 4.14909 6.50306 4.11105 4.77249 4.07698 4.07571 4.06439 3.95418 3.82532 3.78623
threshold=0.79431767337807624 0.83627599920548545 6.8458653899999868 0.037383177570093379 0.73894557469251343 0.89242391983088665 0.017684462534055489 0.53326170021987951 278560927.00000006 0.82743791797243749 1.2798739167326614 31063067.100000005 1.0000000180025095e-35 659.51429342250788 0.39621468619375128 1.4475064298540783 0.89465324384787481 0.38318515440102968 0.58695749440715894 1.0406880269887726 0.52334315718357749 0.0039170887896901813 1.0550776670085789 0.19798278756848384 34123547.20000001 1.1783847257693305 0.84974916387959876 679.23190658393958 0.095459934350758044 0.80519701040007186 0.53244847646878946 0.54903521866599247 1.0000000180025095e-35 279.84174510400004 4.2061624240178475 0.95348837209234893 0.41955601763770656 -0.060389344728404799 90.600066247623303 0.90372958535496684 0.11897572504137181 29.43767766777826 7037780.5500000017 8.5736814077545791 0.51282051282038132 0.24506829978096376 0.99498881431767339 0.59252303459642452 1.4390904475933464 0.59676298216607315 0.51666666666666672 0.46375567941528878 0.91689596982105315 0.93847152028120739 -0.0067906682019631499 1.0668490596979727 692.4266117934277 0.40269059648592859 3747687767.5000005 -0.0024789658225977174 0.45000000000000007 0.055452377188302419
decision_type=2 2 2 2 2 2 2 2 2 2 2 2 2 2 2 2 2 2 2 2 2 2 2 2 2 2 2 2 2 2 2 2 2 2 2 2 2 2 2 2 2 2 2 2 2 2 2 2 2 2 2 2 2 2 2 2 2 2 2 2 2 2
left_child=1 3 4 16 15 7 -3 25 10 -10 18 12 -5 14 19 22 -1 -13 -8 -9 -15 54 23 -2 -6 26 27 29 45 30 42 57 33 34 -28 56 -34 -38 39 47 -30 -27 -4 44 -44 -29 48 -39 -36 -22 -23 -52 58 -54 -16 -56 -35 -32 -41 -47 -46 -43
right_child=2 6 5 11 24 -7 8 13 9 -11 -12 17 -14 20 21 -17 -18 -19 -20 -21 49 50 -24 -25 -26 41 32 28 40 -31 31 -33 36 35 46 -37 37 38 -40 52 -42 61 43 -45 60 59 -48 -49 -50 -51 51 -53 53 -55 55 -57 -58 -59 -60 -61 -62 -63
leaf_value=-0.036744628634656558 -0.026541707005423784 -0.043273707709557685 0.0037359654904518761 0.01358601492797442 -0.0025710790327718703 0.043840329330030944 -0.035859808808363917 0.035544192634502154 -0.037986082870353946 0.041789010943303652 0.02658757400166303 0.032872515467879615 -0.047823435755224526 -0.035931435028154025 0.021912147236189249 -0.02542428642724014 0.014740334018271984 -0.026188589317764285 -0.023055701072493481 -0.011384962277025687 0.025912059781713792 0.033607195233203137 -0.0083362924543751212 0.02408692647219899 0.027932041081456721 -0.005638971070719926 0.028562993344290261 -0.058962800796783711 -0.029394700757852117 -0.012498700187608987 -0.016115972076205409 -0.027201606737961737 0.040003933380526609 0.043332517039438537 -0.059510734157981061 -0.035295777218415078 -0.018862510725204545 -0.05066749840916937 -0.0073165591315939756 0.035539549629964737 0.026786517161732984 -0.011855094723496204 0.043542501963319935 0 -0.019814027143631709 0.038441529880918202 0.027237935655406539 0.02228073774797093 0.030208099324044498 -0.02481721023518639 -0.055079476680354046 0.01386949380706376 -0.039337615357500501 0.043876690273631815 0.031480344686705013 -0.037104350376076074 0.0077801270104067748 0.030582438914877542 -0.012440939678238352 -0.024202819218872393 0.028627514981353776 0.047812103363052465
leaf_weight=24.203884299669884 4.5651818116894018 157.90716813842846 13.85486675868742 16.013266927329827 16.88314022027771 64.444278612849303 208.62773091975941 43.183743033092469 8.5184332580738573 10.156343083363025 4.8930629019159815 46.598486790666357 6.6535021425224832 10.70077622396275 4.9255936834961203 40.011730264761354 6.7602489609853356 3.6151158096035934 149.39516140479827 6.2009593561306238 9.1462413680274022 14.375498417648489 72.352815827542145 23.009087811238714 36.184891454804529 4.4542045898269853 6.1139849699102369 5.694132911921769 3.8441766083997235 12.021767481113782 5.0553051801398423 10.312282698228953 102.39789324859157 22.220099511847366 8.7986838605138438 2.6001517861150196 7.5039941694121799 2.8342010499909511 13.231633437098933 135.89156992983771 20.934635931625962 2.3107369984500101 70.944818651487367 8.702437266802006 5.3961221207864574 2.5694011887535426 1.4622709299437691 3.1940249786712229 0.81909214798361141 5.7789036319591096 3.2849250550061688 12.504868841264395 4.4020158941857508 3.1429047910496593 2.1697890744544592 14.229358848255286 13.730940185603684 21.66397930344101 3.9394795508123925 7.4884198681975258 10.279092068376483 43.326723590027541
leaf_count=3917 327 32656 347 428 801 570 38238 654 1525 120 134 1117 836 775 100 3901 471 374 19467 215 177 285 5043 962 1021 101 69 233 119 354 167 331 909 193 230 68 148 74 275 1526 357 42 792 231 173 31 19 42 5 293 138 344 100 25 23 727 200 328 92 349 172 327
internal_value=0.00101474 -0.0265505 0.0194038 0.00469482 -0.00121603 0.0245598 -0.0325715 0.0227375 -0.0280283 0.00506458 -0.0297541 0.0176494 -0.00548762 0.0101593 0.0159614 -0.00871718 -0.0252382 0.0280945 -0.03061 0.0294433 -0.0122343 0.00262097 -0.00179233 0.0148944 0.0182672 0.0254447 0.0239979 0.0174121 -0.000428017 0.0219872 0.0249224 0.00730499 0.0278582 0.0131432 -0.0133512 0.025125 0.0307484 0.0250801 0.0271895 0.0302263 0.0170745 0.0399155 0.030732 0.0345244 0.0379915 -0.0276347 -0.0373433 -0.0136341 -0.0492736 0.00563113 0.0150174 -0.00260311 0.0321338 -0.00301062 -0.0145779 -0.0264547 0.0304672 0.021304 0.0340735 -0.00571817 0.0114637 0.0444944
internal_weight=1608.43 643.342 965.088 103.845 193.007 772.081 539.498 707.637 381.591 18.6748 362.916 72.8804 22.6668 126.501 100.875 139.939 30.9641 50.2136 358.023 49.3847 25.6259 51.49 99.9271 27.5743 53.068 581.136 531.044 198.761 40.5308 158.231 146.209 37.0316 332.283 55.7452 17.194 38.5512 276.538 174.14 166.636 153.404 24.7788 50.0917 109.177 95.3225 86.62 15.752 11.08 6.02823 9.61778 14.9251 30.1653 15.7898 147.376 7.54492 21.3247 16.3991 35.951 26.7193 139.831 10.0578 15.6752 45.6375
internal_count=124068 99283 24785 7143 12055 12730 92140 12160 59484 1645 57839 2755 1264 3731 2486 10233 4388 1491 57705 869 1245 1617 6332 1289 1822 8429 7959 3984 1089 2895 2541 826 3975 784 323 461 3191 2282 2134 1859 476 470 1715 1368 1137 613 254 116 235 470 767 482 1743 125 850 750 393 495 1618 380 345 369
is_linear=0
shrinkage=0.05


Tree=10
num_leaves=63
num_cat=0
split_feature=192 20 182 192 188 46 192 1 109 175 1 12 122 191 91 122 167 169 57 47 190 167 31 168 81 32 167 91 189 52 35 167 166 38 107 140 190 180 32 178 161 21 47 97 192 122 70 3 169 114 89 143 169 122 58 184 35 90 190 190 4 143
split_gain=276.107 39.1307 33.6148 11.5392 11.2109 10.7128 10.0232 9.18865 9.15601 9.08928 13.4274 8.08569 7.62175 7.11867 7.09401 6.9072 6.81544 6.72723 6.53803 6.15971 5.78389 5.70849 5.37731 5.04264 5.13294 4.94379 4.91623 5.30715 4.96889 4.90649 4.86855 4.85107 4.74956 4.63344 4.52269 5.26349 7.42728 4.37755 4.29937 6.18106 7.95567 5.84888 6.72489 4.41565 4.21928 4.21744 4.11778 4.30064 4.08714 4.05974 4.0016 3.95658 4.2676 3.87329 3.86522 3.84755 5.21833 3.83845 3.80829 3.80198 3.76157 3.7535
threshold=0.79431767337807624 0.92064953322441712 7.1279860199999954 0.8913087248322149 0.89649386845039025 1.0669179018782715 0.39866108504859604 0.037383177570093379 1.0000000180025095e-35 18.443643412070625 0.037383177570093379 0.064254280325787616 0.44667906037493649 0.86789709172259522 0.093685655589908767 0.54014598540139069 72890379.300000027 0.81633545904935045 1.3296968067099439 1.3091945421155124 0.887964205816555 31063067.100000005 -0.013062813823318984 108740667.30000001 0.71666666666666667 0.031557314761905389 321468701.40000004 0.77927608687190741 0.68729306487695763 0.77243540660462251 0.65973458708189836 103359921.2 2613500783.0000005 0.82574101538748368 0.37500000000000006 1.2417222919512734 0.93144295302013436 0.035020247512437271 0.52043393138400906 0.03012592743594256 948.95291883579705 0.78827432301487266 1.0155915883648208 0.27579055345827558 0.84782997762863543 0.48901256857856462 0.92792441939661485 0.0075757575757572299 0.6520483064466599 0.84657903663498979 -0.052755093051961514 0.25104649548143487 1.2550293169591045 0.46805076492119435 0.90550362318836897 7.8977432800000011 0.45386189347411093 -0.48462775614110931 0.92475391498881443 0.84782997762863543 0.053191489361691872 0.44084897994566058
decision_type=2 2 2 2 2 2 2 2 2 2 2 2 2 2 2 2 2 2 2 2 2 2 2 2 2 2 2 2 2 2 2 2 2 2 2 2 2 2 2 2 2 2 2 2 2 2 2 2 2 2 2 2 2 2 2 2 2 2 2 2 2 2
left_child=1 7 4 5 19 15 -3 33 21 10 58 12 -11 23 17 34 50 -7 26 29 45 60 -15 24 25 -12 28 -28 -8 59 -6 -18 -14 -1 37 -36 44 -4 -13 -40 41 -41 -43 51 -37 53 48 -48 -27 -45 -10 -44 -53 -16 -23 -24 -57 -19 -5 -2 -9 -26
right_child=2 6 3 9 30 14 18 8 16 11 13 38 32 22 20 -17 31 57 -20 -21 -22 54 55 -25 61 46 27 -29 -30 -31 -32 -33 -34 -35 35 36 -38 -39 39 40 -42 42 43 49 -46 -47 47 -49 -50 -51 -52 52 -54 -55 -56 56 -58 -59 -60 -61 -62 -63
leaf_value=-0.028653208043227074 -0.013508478972225221 -0.039377996845990068 -0.043195053845098974 -0.045325350502229605 -0.00014441146699227677 -0.036814696313589849 -0.032109051954227891 -0.049897808159270619 0.023260712149740181 -0.020907091653632637 -0.011317940502740298 0.039138174530201346 0.03808543856302915 -0.041177743824842843 -0.0010320749147343035 -0.040391958949549084 0.036386742237657678 -0.021076107158682553 0.023899857800008556 0.0071457331282127334 -0.036619883993841092 -0.025071471193439644 0.044362244584541327 -0.023336598629876991 0.02359344193716198 -0.017946980158829211 -0.033956198463903978 0.03475747662718278 -0.017121790238661699 -0.02872585659682176 0.02629333765231134 -0.012019976203096226 -0.039754345223991044 0.027312030652321878 0.038935534409628832 0.0013083744837014679 -0.021100062801040553 0.014881001911030967 0.052531908705080323 0.033900127041813694 0.039493603495381405 -0.05841767154830544 -0.031776792890952629 -0.015244714200261179 0.040614199449165708 -0.02275387151188896 0.014965685160697224 -0.050345667602785582 0.029575595293635085 0.036268326306541497 -0.043766973339395394 0.04096733938587363 -0.026380610310260056 0.037185903202523594 0.042791322398523075 0.03998943747225403 -0.016966741590415099 0.03292185126752939 0.0026370570145223936 0.016407462910276109 0.011195773695512046 -0.02555135714410349
leaf_weight=26.825599811367287 39.790668001556696 230.18451557161279 3.5218317466787985 8.9401471908640797 29.477782459718583 3.8736743207555255 185.28427038593145 1.9831977484282131 1.9016590444371093 13.416398230829147 10.182337632868437 169.37995966332528 14.051138634677043 1.3971946195233602 27.235714260596069 3.2941426923498502 8.5354810038697924 2.9389674221165505 5.8327324755955479 39.064625226845237 14.445789398509076 1.5363309429958487 47.450177217368037 7.3444795089308164 4.8288147668354204 3.9987954630050799 3.6554094891744153 6.0644264537841082 87.18622534437236 42.25368964486006 40.234303856792394 10.324734621706737 1.3656319982837875 3.367988313722889 53.554154576500878 10.9879001063091 10.103768209381085 10.442333280458113 18.195678651100025 17.549967341241427 35.571739447885193 3.371992516797035 1.9117723670788134 22.221500620595183 18.622798420721665 15.132239780621601 6.7466064007021469 2.7242327127605677 87.112278490269091 3.5672184312716118 12.698927765304687 15.247181413229557 1.9535316065885115 7.6448180789593598 26.829396835295483 7.3454205768648517 6.8014902323484421 26.157738109424827 6.5913276383653274 13.309200790070461 15.066954058944246 10.626873254310338
leaf_count=4217 2882 46735 149 348 1508 193 31963 180 68 530 189 1817 271 48 887 120 253 104 294 1689 704 68 422 188 58 130 571 165 11506 4781 1002 785 70 181 644 259 325 172 142 195 335 78 40 450 207 753 93 68 1020 25 1375 156 36 181 388 70 132 509 125 457 642 227
internal_value=-8.79121e-05 -0.025769 0.0170173 0.0219797 -0.000914854 0.0118696 -0.0314886 0.0013998 0.0104169 0.0259081 0.0176936 0.0313018 0.00562395 0.0212638 -0.000190268 0.0224516 -0.00917634 0.0182995 -0.0250518 -0.00935953 -0.00985921 0.024847 0.0351127 0.0144826 0.0168886 0.0206518 -0.0261621 0.00769243 -0.0274118 -0.0161773 0.0151995 0.0103645 0.0288842 -0.0215748 0.0247837 0.0287206 0.0142052 -0.00133969 0.0338184 0.0259803 0.0207002 0.0100301 0.000738731 0.00646609 0.0267112 -0.00146526 0.024017 -0.00635725 0.0272634 -0.00684466 -0.033785 0.0241224 0.0320146 0.0080078 0.0382169 0.0375532 0.0129639 0.0267825 -0.0257401 -0.0057531 0.00144192 -0.00939253
internal_weight=1569.26 627.278 941.98 737.85 204.13 207.956 518.208 109.07 78.8767 529.894 212.09 317.804 28.8332 196.559 97.4289 110.527 33.4608 32.9704 288.023 134.418 64.4586 45.4159 62.9943 133.564 126.22 110.764 282.19 9.71984 272.47 95.3536 69.7121 18.8602 15.4168 30.1936 107.233 93.2686 39.7145 13.9642 288.971 119.591 101.395 65.8232 48.2732 44.9012 29.6107 50.0128 100.582 9.47084 91.1111 25.7887 14.6006 19.1125 17.2007 34.8805 28.3657 61.5971 14.1469 29.0967 15.5315 53.0999 17.0502 15.4557
internal_count=124180 99391 24789 12470 12319 5207 91234 8157 3759 7263 3118 4145 871 2645 3331 1876 2481 806 44499 9809 2525 1278 672 1973 1785 1500 44205 736 43469 8120 2510 1038 341 4398 1756 1435 791 321 3274 1457 1315 980 785 707 466 1821 1311 161 1150 475 1443 232 192 1068 456 624 202 613 473 3339 822 285
is_linear=0
shrinkage=0.05


Tree=11
num_leaves=63
num_cat=0
split_feature=178 182 51 188 1 47 137 178 176 38 38 1 157 88 37 50 178 122 174 169 151 57 182 12 12 17 142 101 96 48 96 93 134 167 190 189 159 46 68 89 46 190 92 170 122 177 47 134 28 18 28 168 31 173 160 43 166 134 161 14 147 147
split_gain=192.574 49.9547 32.064 12.2487 11.7652 9.7231 9.3563 8.2816 7.86737 7.63847 7.59843 6.74667 7.93839 6.68457 6.02434 5.95551 6.48137 8.39139 6.20236 5.50687 5.39431 5.35593 5.14131 5.00546 6.44959 4.7865 4.77296 5.52302 4.76856 4.69568 4.69332 4.69499 4.65329 6.26413 4.86732 4.62105 4.42045 4.394 4.61865 5.17877 4.43298 4.30877 4.48623 4.25624 4.85984 4.24599 4.7782 4.30818 4.23126 4.15866 4.00883 3.99953 3.981 3.93656 5.0568 4.67957 5.47444 4.45604 3.92555 3.90047 3.84108 3.7664
threshold=0.024228783866631309 6.8458653899999868 0.8707204548113584 0.89649386845039025 0.037383177570093379 1.3257018083149521 0.62504416620032177 0.016889782247471879 264.82655990390379 0.85733280625778352 0.50295155484404075 0.10167981370889161 -0.0086639390373249876 0.8950203824386137 0.0062366433304694045 0.83749672050701041 0.032274102336310499 0.44842308132046821 -107.87747494679364 0.97849151234763554 0.49920200962538358 1.38015539523312 9.0856304199999744 0.79713671621846538 0.11141735600861292 1.0166666666663609 1.6828672729223439 0.48333333333333339 0.087900374758839092 0.96678039329272902 -0.034912282155451634 0.5757973983988619 0.53467653284813232 177102629.90000001 0.8645525727069352 0.99498881431767339 40.068503414000013 1.0256410256409201 0.75342465753419474 0.87835040852615187 1.1952218221710373 0.010050279455006623 0.5925940935752535 55.165762946711183 0.40458015267175101 0.049502862931213275 1.0668490596979727 0.24234843145107823 0.024362313595215557 1.0341190660503432 0.010783033681844032 40048971.57500001 -0.015152455672308029 832.28613942214645 628.55982801542712 1.0367647058823517 116591072.50000001 0.24853888217776068 17.556591911416465 1.0716973267163048 0.54913229607083192 0.49935617503513369
decision_type=2 2 2 2 2 2 2 2 2 2 2 2 2 2 2 2 2 2 2 2 2 2 2 2 2 2 2 2 2 2 2 2 2 2 2 2 2 2 2 2 2 2 2 2 2 2 2 2 2 2 2 2 2 2 2 2 2 2 2 2 2 2
left_child=2 3 4 5 8 32 9 -4 -1 11 50 12 22 15 -5 18 17 -17 -14 23 -12 -9 -3 24 -6 37 27 52 -21 30 31 -20 33 34 -2 -32 58 -15 39 40 -39 -24 48 59 -45 46 -29 -48 -43 61 -8 -50 -18 54 55 -11 -57 -58 -16 -26 -37 -19
right_child=1 6 7 14 19 -7 10 21 -10 53 20 -13 13 25 36 16 26 49 29 28 -22 -23 41 -25 43 -27 -28 45 -30 -31 35 -33 -34 -35 -36 60 -38 38 -40 -41 -42 42 -44 44 -46 -47 47 -49 51 -51 -52 -53 -54 -55 -56 56 57 -59 -60 -61 -62 -63
leaf_value=-0.027065824133619212 -0.025797185325767986 -0.0022332677471065799 -0.036626376050918001 -0.0049255280290738182 -0.016942888545264347 0.0085564944616690463 -0.022247784854415573 -0.023247084078782669 0.010234554149281431 0.042984782574800984 -0.012718591652402448 0.033721332540134895 -0.0091951162763088731 -0.030384654284078889 -0.021243471459258 -0.029303923268060875 -0.0024094149460139659 -0.026746562510142593 -0.054122230580732726 -0.047360745092385026 0.025932004233011108 0.027854509626741682 -0.02813388836304109 -0.018706924628821418 0.043031068975556086 -0.041654340410073078 -0.011812516429498744 0.024674327191951739 0.0019936232414334704 -0.0059494047932430009 0.030205032391196103 0.024064895822540518 -0.039946668808705108 0.012219795970834973 0.010346269148412138 -0.048320377680857528 0.0026811161618569344 -0.047012133814543527 0.028952139652363151 0.021396179422534734 0.019257245148512181 0.036983915546694883 -0.0052784077881460013 -0.038627985258382375 0.03692467810547629 0.032181852164586709 0.0013551371843752377 -0.044156684072516023 -0.03779664657761464 -0.036286191499880771 0.020912177638016553 0.02865071378681381 0.035663259594535417 0.048986647589791127 -0.033770067548230004 0.040879956508675847 -0.047358177172117634 0.013818023784133866 0.045184963664411479 -0.028106489428988871 0.028851596442495794 0.022267519196251102
leaf_weight=56.724049379321514 72.961753347282865 12.495771919260731 239.86425788456472 32.840331379826239 7.1806664694449855 34.299219593625821 28.090160173613185 161.30249351372549 17.901667543112126 24.378137995488942 11.195290659612509 73.678313899668865 13.783678543113636 7.1667798288399345 1.8040222633862892 20.646349109054427 7.5962481179740271 3.5766243960242745 2.7173820836469522 5.2434131028130677 34.776232166419504 4.3978610547492272 2.2173826593207187 6.9562867237254968 31.773733559064567 6.0850873918971038 12.448672805970999 8.4672289622249099 21.551903732124629 10.976540557341648 150.3657689881511 3.012336635729298 25.901568703720841 15.775603983260224 9.897130166027635 2.786159887444227 14.871370547043623 7.6911545929615404 16.262680907268077 8.2632848867215198 2.7848833352327347 108.10398366255686 7.0372902483213684 3.5917965050321063 2.9535381428649998 9.6158140758052451 11.674613943323495 8.0135864526964706 3.2317456572782239 3.3080783378100014 5.6514863542979574 3.8541079629212618 46.642423270925065 35.036984945414588 2.5315333657199508 6.4111781544052091 4.4554845506791008 5.6283912484068424 19.202471127035096 1.29915240430273 1.8575621009804306 28.258435095718596
leaf_count=9021 8980 313 49506 1928 451 1644 1965 24329 1262 214 616 997 338 304 162 1446 158 168 137 694 917 126 52 466 514 224 490 143 1606 379 2225 46 3641 1069 459 68 526 334 290 194 64 1446 231 264 93 111 288 309 69 245 173 37 549 248 57 49 131 94 293 112 27 888
internal_value=0.000159113 0.0134158 -0.0232269 -0.00710426 -0.00382769 -0.0147205 0.0195452 -0.0306094 -0.0180349 0.0214361 0.00321568 0.0194519 0.0174027 0.0137115 0.0103868 0.0161416 0.00894501 -0.00469353 0.0222503 0.00933292 0.0163427 -0.0217018 0.0278101 0.0184793 0.0243871 -0.00357296 0.016252 0.0201889 -0.00884079 0.0248421 0.0269994 -0.0148055 -0.0211883 -0.0158606 -0.0213485 0.0286617 0.0242919 0.0026441 0.0102019 -0.00645941 -0.0288169 0.0308605 0.0321909 0.0322338 -0.00349736 0.00514298 -0.00470707 -0.0181666 0.0345488 0.0100373 -0.014481 -0.00196295 0.0302935 0.0362296 0.0249481 0.0294239 0.00778495 -0.0145951 0.0385468 0.0393471 -0.0169221 0.0159617
internal_weight=1551.07 990.328 560.741 227.553 155.176 158.835 762.775 405.565 74.6257 683.062 79.7132 604.62 530.942 394.001 68.7182 345.748 160.248 55.7895 185.499 80.5505 45.9715 165.7 136.94 53.7552 46.7989 48.2539 104.459 92.0099 26.7953 171.716 160.739 5.72972 124.536 98.6345 82.8589 155.009 35.8779 42.1688 35.002 18.7393 10.476 124.445 122.227 39.6182 6.54533 37.7712 28.1554 19.6882 115.19 35.1431 33.7416 7.08585 54.2387 78.4417 43.4047 40.8732 16.4951 10.0839 21.0065 33.0729 4.64372 31.8351
internal_count=124180 35736 88444 18702 14483 15793 17034 73961 10283 13363 3671 12570 11573 9425 2909 8015 4795 2747 3220 4200 1533 24455 2148 1900 1434 1410 2048 1558 2300 2882 2503 183 14149 10508 9439 2320 981 1186 882 592 398 1835 1783 983 357 851 740 597 1552 1301 2138 106 707 793 545 488 274 225 455 626 95 1056
is_linear=0
shrinkage=0.05


Tree=12
num_leaves=63
num_cat=0
split_feature=192 15 175 1 1 47 192 192 37 175 38 84 28 91 94 27 44 12 46 116 189 122 109 23 69 176 191 139 175 166 91 45 168 91 81 111 41 38 41 164 26 166 166 175 192 138 102 130 138 166 77 80 178 91 62 152 188 145 163 26 91 175
split_gain=240.447 37.7055 22.009 19.3514 10.4244 8.84085 8.6239 8.30843 7.34653 7.69878 6.86699 6.73482 6.36604 6.25268 6.23252 6.05972 5.90831 5.67819 5.57414 5.44659 5.27772 5.27031 5.10821 5.0009 4.96421 4.8042 4.80148 5.27361 5.754 5.12132 7.2877 4.41023 4.09041 5.71144 3.97134 4.06992 3.85724 3.83535 3.82114 3.69845 6.48782 5.29541 4.807 4.76444 4.62779 5.47554 4.73451 4.51074 4.09088 3.9302 6.14196 6.02147 5.00768 5.01316 3.78547 3.56991 3.50287 3.60428 3.49928 5.47623 3.71626 4.00972
threshold=0.79431767337807624 0.84078867812578173 18.443643412070625 0.035175879396983988 0.03865928546737412 1.1359999999999637 0.89465324384787481 0.35392419175027873 0.014316851194112809 0.9758569541222829 0.8697964300441553 -0.54999999999999993 -0.0095690024560377857 0.2856872268368012 0.84887544381705482 0.14645003484561905 1.0902777777777743 0.064254280325787616 1.3432250127964882 0.64705882352885036 0.50083612040133796 0.44667906037493649 1.0000000180025095e-35 0.041359934884696789 0.80973423584497073 834.43740962192771 0.83445190156599558 0.76932510540745291 6.6165792314768739 124875461.00000001 0.54665522755918772 1.1051719036192666 291421121.05000007 0.76138843259873579 0.61666666666666681 -1.0000000180025095e-35 0.20689666143611626 0.35347216928697223 0.91838132085930468 10.237295153824034 0.069281372991439064 1935464730.0000002 48598111.000000007 38.453783781966429 0.96488814317673388 0.66188653141673603 0.50833333333333341 0.81976775209138097 1.1830365492209685 141771464.50000003 0.82500000000000007 0.22500000000000003 0.066636730666503691 -0.08118339515665414 0.55067448735170299 0.49313247749531058 0.93989966555183957 0.63231321749706393 1.4823261059414821 0.10498209011933408 0.11017293139498886 1.856070525898607
decision_type=2 2 2 2 2 2 2 2 2 2 2 2 2 2 2 2 2 2 2 2 2 2 2 2 2 2 2 2 2 2 2 2 2 2 2 2 2 2 2 2 2 2 2 2 2 2 2 2 2 2 2 2 2 2 2 2 2 2 2 2 2 2
left_child=1 4 3 11 24 8 10 -3 9 -5 13 -2 23 20 26 32 22 21 34 -16 -4 -8 -6 -11 -1 -24 27 -14 -29 -30 55 -23 -9 -34 35 -7 -20 -15 39 48 44 42 54 -43 45 -41 -46 -45 -19 -44 51 -51 53 -52 -42 -31 57 -36 59 -13 -60 -62
right_child=2 7 6 5 16 18 17 15 -10 12 -12 58 14 37 19 -17 -18 38 36 -21 -22 31 25 -25 -26 -27 -28 28 29 30 -32 -33 33 -35 56 -37 -38 -39 -40 40 41 43 49 47 46 -47 -48 -49 -50 50 52 -53 -54 -55 -56 -57 -58 -59 60 -61 61 -63
leaf_value=-0.029952408315915981 -0.031687232534183839 -0.037961155284014947 -0.0041504922160828014 -0.027891942763027214 0.029608931157745679 0.019304284005421835 -0.018172154040568284 -0.026614669037601953 -0.031392952411688879 -0.02958543781000263 0.04493261887449379 -0.018775190363503984 0.039940924002102585 -0.030865073106618009 0.016648873144517733 0.020300364782281047 -0.029113597368690666 0.040549590247878249 -0.012303869779873338 -0.035045119478876265 0.034123145001485146 0.041144907733048491 -0.012825513560122107 0.025591973417827419 0.011495632683478573 0.043004870702151365 0.035601462439182024 -0.007483933091068231 0.036986212151893037 -0.033860073048221334 0.026790047049996147 -0.01452800593587515 -0.035798137255069619 0.032411924613979369 -0.010777234386123762 -0.0032323177164050006 0.04169616497059573 0.001868804309917981 0.049302265539140612 -0.046726535489271262 0.033353140412293043 0.020714327151023518 0.054901634858120031 0.025893657796511146 0.00087240675386635589 0.028374051283388782 -0.075250665434789671 -0.051961012030014013 0.016994412955470359 -0.033191930075512188 -0.012318636766827573 0.030912661763709267 -0.012880761002008662 0.042238972432530421 -0.029062790028350785 0.0072096179868645057 -0.052721962524375401 0.039404161003607593 0.028448910001933093 0.027878514828366618 0.04155425926629136 -0.007977166041867963
leaf_weight=24.883047795854509 23.434985928750393 195.51682391710892 14.012215205155369 6.8545149564761223 41.0098751722835 36.472734905850302 11.499171238914643 292.12455173053058 5.8793327920138827 9.4125608881004137 11.619588552275671 40.334797804731352 26.096251275215764 12.337281192119915 13.286077073833441 6.5722167759158756 5.9490036049392065 92.344060049043037 3.5999896088615086 6.9077951259678221 22.300713336328045 10.826971866190432 16.734044534503486 5.7658416409976772 9.1957507167244312 3.9198255825322112 96.409727009304333 22.190633230668027 29.558851820533164 9.1833568046567979 26.199960182188079 4.3235223088413468 4.2179786196920741 6.4207245294237509 38.286526542855427 41.866570976273579 13.701679846737532 26.114788071776275 27.29228606261313 2.0441591441631344 2.9996241703629476 12.226950312266128 19.838378589600325 1.909662079066037 4.2605196035001418 11.19132181513123 2.6765049146488309 4.8058467484079301 26.630754232639447 6.7218002518638951 3.962250076699994 5.9521086914464831 4.5137671304983078 57.296555971959613 5.1460629124194384 10.099378955143036 3.6165452412096775 2.9255567298969245 13.506670623261014 6.4319470268674186 3.6791683963965616 30.892017140497046
leaf_count=4032 2212 41686 520 696 881 1020 515 48816 178 434 109 3541 384 732 271 481 674 820 111 202 379 130 1049 114 740 62 1278 920 304 262 363 197 741 229 1523 1551 205 929 151 71 29 211 112 24 87 178 66 119 357 162 56 68 86 449 166 152 132 45 361 195 63 1549
internal_value=0.000299758 -0.0241733 0.0162505 0.00946798 0.00353128 0.0146237 0.0250154 -0.0297596 0.0199429 0.0212291 0.0107437 -0.00826146 0.0226722 0.00484131 0.0246605 -0.0244541 0.014876 0.0288253 0.00437636 -0.00161757 0.0195049 0.00622585 0.0195966 -0.00802978 -0.0186167 -0.00050207 0.0270944 0.0201712 0.0144617 0.02103 0.00998009 0.025032 -0.0255057 0.00418655 0.000505088 0.00730818 0.0301287 -0.0090232 0.0308438 0.0287419 0.0229754 0.0271841 0.0314872 0.00238945 -0.00299426 0.0139563 -0.0336486 -0.0286871 0.0355044 0.034526 0.028684 -0.00266151 0.0347484 0.0384887 -0.00439789 -0.0128083 -0.0111745 -0.00624743 -0.00215084 -0.0118048 0.00718716 -0.00154531
internal_weight=1537.98 606.544 931.44 526.593 101.692 408.314 404.847 504.852 267.844 261.965 86.3846 118.28 255.11 74.765 239.932 309.335 67.6127 318.462 140.47 20.1939 36.3129 26.6497 61.6637 15.1784 34.0788 20.6539 219.738 123.328 97.2322 75.0415 45.4827 15.1505 302.763 10.6387 123.168 78.3393 17.3017 38.4521 291.813 264.52 145.546 125.373 106.431 18.9425 20.1725 13.2355 6.93702 6.71551 118.975 98.2849 78.4465 12.6739 65.7726 61.2588 8.14569 19.2827 44.8286 41.2121 94.8446 46.7667 48.0779 34.5712
internal_count=124180 99391 24789 18066 7438 10145 6723 91953 5558 5380 2669 7921 4684 2560 4136 50267 2666 4054 4587 473 899 842 1992 548 4772 1111 3663 2385 2001 1081 777 327 49786 970 4271 2571 316 1661 3212 3061 1884 1482 1128 354 402 249 153 143 1177 933 821 230 591 505 195 414 1700 1568 5709 3736 1973 1612
is_linear=0
shrinkage=0.05


Tree=13
num_leaves=63
num_cat=0
split_feature=192 182 100 192 71 51 1 27 160 92 168 168 40 144 71 21 50 24 140 40 139 91 50 192 110 138 22 45 24 122 171 94 46 12 81 88 61 99 144 107 12 12 168 151 120 163 163 107 172 178 37 178 168 48 188 159 90 95 178 91 6 95
split_gain=219.426 35.0829 22.2253 11.475 13.5718 10.0047 9.08572 7.55228 7.12555 6.33601 9.07558 6.06174 6.92533 6.01683 5.48953 5.37807 10.6156 5.89457 5.69518 5.30583 5.28322 5.24443 5.05358 4.99485 4.54351 5.47192 4.67836 4.56158 4.44829 7.04997 6.48622 4.41861 4.82389 4.39919 4.27047 4.01046 3.9057 3.85459 3.7603 3.71929 3.59626 3.88463 3.55016 3.53713 4.92809 4.53435 6.03513 4.16453 4.13711 5.00609 3.90249 3.72628 3.72018 5.68693 4.38617 4.31163 3.7243 3.50154 3.36027 4.53731 3.35073 3.33386
threshold=0.72408277404921717 7.1279860199999954 0.22500000000000003 0.8913087248322149 0.6470588235285607 0.70628383895483771 0.03865928546737412 0.12762212787087085 66.549302423823505 0.83306300512738141 274733486.90000004 50547987.900000006 0.0094131775597846769 0.55800914953733183 0.91166929547844033 0.88068069030177565 0.88645742437225772 0.066342000544710608 1.6260606180612791 -0.00059014299678374885 1.2431550116938892 -0.088158679281095997 0.64802749481229827 0.49665548098434009 0.22500000000000009 1.2060490664190757 0.82346745370873464 1.0322332922845703 0.066342000544710608 0.44219456622239256 55.81674697810859 0.18843599501040947 1.052023121387188 0.091046025624082136 0.31666666666666671 0.97988825331075102 0.77103382015172073 0.75000000000000011 0.59252303459642452 0.62500000000000011 0.09255811596925477 0.715066859574506 42868647.775000006 0.44866323416027637 0.20587858026740308 -21.723015823314935 -9.3009698268837138 0.49166666666666675 97.912927820665487 0.039016770571413305 0.0037119830143773768 0.033509032319577033 6820751.7750000013 0.94012281275943754 0.1172532603084106 732.15111068950011 0.045912267609543887 0.61239723927713152 0.040679252955796184 -0.21884834631801969 0.32911392405060719 0.16927776882335091
decision_type=2 2 2 2 2 2 2 2 2 2 2 2 2 2 2 2 2 2 2 2 2 2 2 2 2 2 2 2 2 2 2 2 2 2 2 2 2 2 2 2 2 2 2 2 2 2 2 2 2 2 2 2 2 2 2 2 2 2 2 2 2 2
left_child=2 5 6 4 21 14 -1 13 40 23 -11 12 35 -7 -2 17 31 18 -6 -18 -19 -3 38 -4 25 28 60 -27 29 30 36 -17 37 -23 -9 39 -24 -33 -13 43 -8 -42 -37 44 50 -45 58 -46 52 -50 -5 -49 53 56 55 -54 -48 -51 59 -47 -26 -55
right_child=1 3 9 11 15 7 8 34 -10 10 -12 22 -14 -15 -16 16 19 20 -20 -21 -22 33 24 -25 26 27 -28 -29 -30 -31 -32 32 -34 -35 -36 42 -38 -39 -40 -41 41 -43 -44 45 47 46 48 51 49 57 -52 -53 54 61 -56 -57 -58 -59 -60 -61 -62 -63
leaf_value=-0.022154866370536236 0.0047649854607551834 0.017352870324419893 -0.035374742517184275 0.031523713202138835 0.040300361126998877 -0.018421366250716897 -0.035631025136576691 -0.010359530725446462 -0.028884800193476758 -0.031495902741785785 0.036306149907891883 -0.03834388584456519 0.048534588042728671 0.0034459391494900331 0.042480956169471507 -0.041703670429615376 -0.019877970510960602 -0.03709411781993676 -0.021955684713836174 0.040894269239695004 0.028941244334991713 -0.030259299585435301 0.036648560105468561 -0.023763503654077572 0.045762769835951123 0.019250963540042385 -0.01675676070443248 -0.03803396353965003 0.035403797681505332 0.027335109458551478 -0.033268616441214614 -0.018692416761372715 0.021748452948436463 -0.0030846292847882123 0.023090037871467989 -0.049456933761411741 -0.0065887567255636052 0.029987800456891894 0.014415138343629778 -0.033935885153435562 0.036568000295926384 -0.0062028439879642776 0.032911376943756065 0.039033997899167859 0.04732752245053224 0.014370434816249217 -0.02740718451898478 -0.026495149384819811 0.021603545481988794 -0.051401265540208962 -0.050637184577899598 0.027353998001450355 0.012515479413292131 0.0077604250270306473 0.028336005049835123 -0.050736931899502839 0.037964814577576611 0.0098306966385188887 0.016417350445326707 -0.058545281849710529 -0.0078445264507514007 -0.048903337286197286
leaf_weight=24.677903471849277 25.761630312539637 19.899366311634367 272.06013160619113 1.6538001713342958 52.986605377751403 112.99743230314016 1.4271569324191649 13.642256567673028 6.520947791170328 9.8575504256295989 8.0447718559298647 6.7204419326153566 33.73399913974572 42.564340289296524 15.073076734057393 5.5646132575930087 3.3948818999233508 5.0980848779436183 3.2221264464315018 26.981758694462769 4.9958873253781348 20.199574533038685 7.7090527671389308 162.04401539950959 25.257636900059886 4.5929277436807743 3.433544024359434 8.4422286944463831 21.361188321607187 26.849456097494112 12.747527947532943 23.596155737446683 17.85396037742612 52.718375929287504 26.525791996740736 2.6277839842077806 12.078567872040365 3.8766768529312676 5.0996268317103386 1.7630600482225407 26.739115281496197 6.0031172849703571 1.1240173280239103 37.124811735469848 46.436378163518384 2.7272541057318449 1.8773331493139291 2.8692070893012014 10.082859032321723 4.9432175369001907 2.2184891132637858 20.336101380176842 13.103129541093947 3.935756457038222 168.94304614664725 2.3293027143226928 9.6320393471978587 3.1955205225385725 4.9442237846087664 4.7297776965424401 2.8030166914686552 4.9724756303912727
leaf_count=4188 1192 676 57759 15 597 11414 83 818 491 1712 144 182 229 2738 280 285 170 197 117 578 79 1905 97 26046 222 65 98 305 279 474 353 896 481 2535 839 75 417 67 99 59 339 291 4 260 395 36 52 71 111 106 66 252 263 81 1911 110 87 42 72 131 58 186
internal_value=0.000414854 0.0140989 -0.0259835 0.019311 0.0101723 -0.00269681 0.00117995 -0.00742635 0.015644 -0.0299168 -0.00045431 0.0234793 0.0267213 -0.0124224 0.019489 0.0195529 0.0106322 0.0300925 0.0363228 0.033526 -0.00429735 -0.00473816 0.0142041 -0.0311165 0.0171817 0.0113644 0.0334674 -0.0175599 0.0162526 0.00880869 -0.00669025 -0.00331933 0.00208354 -0.0109877 0.0116324 0.0244823 0.0109682 -0.0108356 -0.0158427 0.0250596 0.0248637 0.0286266 -0.0219948 0.0254715 0.0355214 0.0226224 0.019859 0.0385914 0.0217588 -0.000770746 -0.0152531 0.0196698 0.0237817 0.0030822 0.026018 0.000157543 0.0255635 -0.0283676 -0.0130063 -0.0327407 0.0401501 -0.0251074
internal_weight=1516.73 999.351 517.375 762.787 240.388 236.565 65.3682 195.73 40.6903 452.006 17.9023 522.399 385.304 155.562 40.8347 147.571 81.268 66.3027 56.2087 30.3766 10.094 92.8173 137.095 434.104 125.275 93.7809 31.4942 13.0352 80.7458 59.3846 32.5351 50.8914 45.3268 72.918 40.168 351.57 19.7876 27.4728 11.8201 347.818 34.1694 32.7422 3.7518 346.055 73.514 272.541 235.416 69.6417 223.015 18.2216 3.87229 23.2053 204.793 20.4176 184.375 15.4324 11.5094 8.13874 12.4013 7.45703 28.0607 8.90823
internal_count=124180 33127 91053 15846 8583 17281 5392 15809 1204 85661 1856 7263 4614 14152 1472 3467 2477 990 714 748 276 5116 2649 83805 2368 1990 378 370 1620 1341 867 1729 1444 4440 1657 4385 514 963 281 4306 713 630 79 4247 799 3448 3188 718 2949 259 81 323 2690 406 2284 373 139 148 239 167 280 267
is_linear=0
shrinkage=0.05


Tree=14
num_leaves=63
num_cat=0
split_feature=192 182 100 21 192 71 27 175 151 176 142 92 154 167 92 167 170 190 89 95 107 4 168 41 91 139 82 28 171 112 118 88 92 164 12 143 12 192 92 170 27 159 176 40 140 96 12 139 72 8 178 178 33 21 12 187 27 56 50 136 96 140
split_gain=199.837 32.1754 20.4455 9.88168 9.5846 13.092 6.75232 6.24209 8.69951 7.15957 6.95324 6.79347 5.93474 5.89252 6.20738 5.40655 5.33933 5.33744 5.00837 5.19298 4.72372 4.71484 4.58366 4.96073 4.35582 4.28051 4.24999 4.25129 4.23316 4.15983 4.11702 3.84413 4.8353 3.81512 3.79707 3.68609 3.66752 3.58166 3.56108 5.4117 5.04501 8.08851 8.71182 4.7002 4.57235 4.65337 3.98381 3.80161 3.52159 3.5126 3.46618 3.41546 3.34761 3.34726 3.33347 3.31631 3.26087 3.227 4.18684 3.2013 3.13987 3.08707
threshold=0.72408277404921717 7.1279860199999954 0.22500000000000003 0.83982530635986352 0.8913087248322149 0.6470588235285607 0.13324160604097751 18.443643412070625 0.46955784919613169 273.81831574361235 1.8821058118917386 0.047570364440065523 0.11624819299201546 380232638.10000008 0.83306300512738141 31063067.100000005 55.165762946711183 0.65719239373601801 0.41955601763770656 0.2276630648453481 0.52500000000000013 0.1818181818177943 41382985.300000004 0.80519701040007186 -0.088158679281095997 1.171360843008121 0.47500000000000003 0.029877338545658664 30.98959353254558 -0.29166666666666657 0.36764705882347515 0.36381951081073499 0.77597292157869935 13.78930028616695 0.22777943459539274 0.46243120277711819 0.09255811596925477 0.52006711409395978 0.26261617434835288 90.104491224937476 0.13324160604097751 679.07818556899986 757.8096094479414 0.0047640324238869955 0.92753961704388066 0.57772030846910194 0.064254280325787616 0.95191333035042103 0.51557230250945418 -0.84848484848482719 0.03171494025142093 0.042111791731452027 -0.031838332786087963 0.80638881421712982 0.091046025624082136 0.97654934793831794 0.099775681491723764 1.057619781817646 0.93064837778221376 0.21913347051454554 0.52078393722923666 1.0799007319212708
decision_type=2 2 2 2 2 2 2 2 2 2 2 2 2 2 2 2 2 2 2 2 2 2 2 2 2 2 2 2 2 2 2 2 2 2 2 2 2 2 2 2 2 2 2 2 2 2 2 2 2 2 2 2 2 2 2 2 2 2 2 2 2 2
left_child=2 3 15 25 5 24 12 8 26 11 38 17 -5 37 -15 30 35 -10 61 -20 28 55 23 50 -3 34 33 -28 -12 -8 -1 -24 -33 -6 -2 -17 -37 -4 40 44 41 43 56 -9 45 47 -46 -40 -23 -42 -13 -52 -50 -27 -26 -21 -43 -31 -59 -54 -35 -7
right_child=1 4 13 6 7 18 29 10 9 -11 20 22 -14 14 -16 16 -18 -19 19 21 -22 48 31 -25 54 53 27 -29 -30 57 -32 32 -34 60 -36 36 -38 -39 39 -41 49 42 -44 -45 46 -47 -48 -49 52 -51 51 -53 59 -55 -56 -57 -58 58 -60 -61 -62 -63
leaf_value=0.0027374483542064285 -0.021302541956067587 0.015155888946926922 -0.033137850620115115 -0.017278552560640037 0.034196164585962148 0.039835372901170139 0.049568017909804162 0.043354219262234574 0.01089725163233723 -0.03159683757021 -0.037747910918979 -0.0025180547910269172 0.00414241901183588 -0.032664026180742843 0.033565727289054229 -0.0093482288495761925 -0.030600550345647362 -0.040433514632774295 -0.042537242293694585 -0.015240018057270793 -0.026912944053026203 -0.01510855639182811 0.019440814112499528 -0.035788736128502974 -0.028247145139951291 -0.040821732010652263 0.016435951501681628 -0.035891279098882858 0.022004341202896759 -0.015806766576453999 -0.032213981575458434 -0.037213642744407395 0.022272100463000231 -0.054987205625878922 0.037500438480494065 -0.017349316076736128 0.040019384624333826 -0.022920940707093673 0.018955434812323566 -0.035117884120076763 0.0013493686121613998 -0.058081617887779519 0.020795570416200906 -0.0079459457897045459 -0.0010227280969126909 -0.061919981468033417 0.031560841842243635 -0.043179787665765954 -0.030126048560549869 0.048739630804823568 0.044570310958925226 0.0098591119375217463 -0.0023569691805726532 0.018620199930194245 -0.0037679669512266818 0.023887984912687385 0.0028216491942553517 0.033431766399341298 -0.0059183763165805139 0.033183726819836452 0.016907098917284608 0.016399480039075372
leaf_weight=18.063647431321442 2.3268635660642785 20.212189170219062 284.14189738939422 116.31361488052607 71.932130921864882 35.325967072625645 5.0001211259514085 47.270719571970403 8.7107635778374988 10.864586344869165 2.3854590231203501 6.7603505311126346 43.703022093824984 5.2744561009385489 7.0819294333923608 5.9790936068457112 4.4113117407541713 9.7579516158439201 3.3087734903674564 18.142746638703105 7.6831058298703274 5.0960245247115372 11.719037188799122 2.2118376083672038 18.584016597651498 3.4421954112767699 18.09843643283239 3.8576944996602824 24.296535213194147 12.175778548931701 14.19626856393006 9.3428947633365151 4.1882672936189911 1.4014894207939494 23.837442473741248 2.5161665987689075 19.599424057698343 146.18284474969005 16.575622600823415 3.0013664115685961 4.4699577973224214 4.7703684805892399 28.050526478706161 4.4305551347861174 9.9573749691189715 1.498190605712806 98.986072626837995 1.8640194910112757 1.7153001916594792 60.486137471394613 27.123150780331343 10.92919997894205 6.9547400521496447 4.0655265866371337 51.557451950333416 6.520622052717953 3.164053070358932 12.863649110309781 12.344520676853788 42.843451151384215 3.1300057927146554 28.21543201536042
leaf_count=1513 117 676 60611 11872 758 486 71 396 121 387 113 115 2710 1055 109 604 369 239 168 675 291 199 201 59 1905 258 290 107 435 657 2064 274 77 73 538 230 612 23886 262 72 49 149 319 83 359 58 1066 54 83 388 215 160 199 148 2535 101 51 306 604 825 42 731
internal_value=0.000564467 0.0136041 -0.0249309 -0.0024872 0.0186228 0.0102236 -0.00670192 0.0224462 0.0153302 0.00492613 0.0268322 0.00965022 -0.0114077 -0.0287622 0.00459157 0.00121941 0.0154462 -0.0166504 0.0193333 0.0110639 0.00523543 0.0137974 0.0165747 0.0256448 -0.00470411 0.0221656 0.0258633 0.00586127 0.015311 0.0108025 -0.012999 -0.000459987 -0.0181915 0.0313925 0.0314952 0.0236514 0.0328079 -0.0297399 0.0293957 0.0229053 0.0347853 0.0262759 0.0075901 0.0387958 0.024555 0.00213957 0.028555 0.010519 0.0216498 0.0456242 0.0295012 0.0352365 0.0255999 -0.0096403 -0.0106299 -0.00417261 -0.0356378 0.00433103 0.0144805 0.0281731 -0.0103453 0.0299215
internal_weight=1500.91 993.467 507.447 236.073 757.395 238.477 202.401 518.918 200.028 101.608 318.89 90.7435 160.017 442.681 12.3564 64.7659 32.506 18.4687 148.123 84.5817 34.3651 81.2729 72.2747 47.0245 90.3537 33.672 98.4198 21.9561 26.682 42.3841 32.2599 25.2502 13.5312 76.4636 26.1643 28.0947 22.1156 430.325 284.525 131.883 152.642 87.6862 35.9849 51.7013 128.881 19.9378 108.943 18.4396 56.6095 64.9561 44.8127 38.0524 51.5135 7.50772 70.1415 24.6634 7.93442 37.3839 25.2082 49.7982 4.5315 63.5414
internal_count=124180 33127 91053 17281 15846 8583 16220 7263 3118 1848 4145 1461 14582 85661 1164 5392 1815 360 3467 2250 839 2082 1101 549 5116 1061 1270 397 548 1638 3577 552 351 873 655 1446 842 84497 3306 1871 1435 998 519 479 1799 374 1425 316 1306 437 490 375 1107 406 4440 776 200 1567 910 1024 115 1217
is_linear=0
shrinkage=0.05


Tree=15
num_leaves=63
num_cat=0
split_feature=192 182 15 27 189 27 189 127 153 175 26 168 1 38 15 72 142 188 91 38 93 1 112 168 39 12 5 97 142 140 96 60 34 146 91 92 138 96 166 187 126 94 92 174 92 36 94 131 141 139 85 41 191 28 185 25 160 189 142 72 170 146
split_gain=168.077 25.0102 24.3317 9.5358 8.68312 8.4042 9.071 6.66657 6.27842 6.16543 5.95419 5.91808 7.68084 5.90732 5.48486 5.17096 5.09391 5.01915 5.0022 4.64071 7.15851 4.61235 4.38546 4.25452 4.1319 4.00194 3.97528 3.80367 6.48526 5.84977 4.97841 4.67063 4.76085 4.84643 4.78729 4.20291 4.60794 3.97284 7.25539 5.5431 4.801 4.94334 4.65853 4.26055 3.93225 3.78806 5.26951 3.63738 3.63339 3.6467 3.61127 3.51208 3.4912 3.48603 3.46091 3.42524 3.39766 3.36877 3.34097 3.30766 3.78512 3.2388
threshold=0.79766219239373604 7.1279860199999954 0.89481895530149191 0.14645003484561905 0.95485458612975405 0.14267945407050539 0.43886220286862249 -0.089454844112347151 -0.10665450824499016 23.05434090321668 0.097472958125366535 316486763.65000004 0.03865928546737412 0.85314654379911947 0.80589294524549782 0.49367088607556314 2.973276497654517 0.33165922201521858 -0.0063979984393782311 0.54718121769087846 -0.46262421283660432 0.018018018018015371 -0.29166666666666657 218443278.37500003 0.007572766847010636 0.11668141229273264 0.0022026431718061208 0.52931402059604671 2.4114549749054386 1.4804708497246002 0.68678262522946387 0.94446816338209449 -0.0016783458231149171 0.54545953723306717 -0.34051621231030282 0.83306300512738141 0.59914508470767236 0.42924194072327532 108520553.00000001 0.63818993961976178 0.14563106796111513 0.73238782158357896 0.65242401882136514 -14.853599320016952 0.63186426085646674 0.038790953805120855 0.59038854432319698 1.4418115443071799 0.89929554495397512 0.74736762320540595 0.62500000000000011 0.54268532236660949 0.20033444816053517 0.051682856907449892 -1.630018250000006 0.065200651123401274 612.7908890226206 0.98829977628635357 1.8821058118917386 0.85300824043050472 16.095923779804764 0.53983233839526668
decision_type=2 2 2 2 2 2 2 2 2 2 2 2 2 2 2 2 2 2 2 2 2 2 2 2 2 2 2 2 2 2 2 2 2 2 2 2 2 2 2 2 2 2 2 2 2 2 2 2 2 2 2 2 2 2 2 2 2 2 2 2 2 2
left_child=2 4 8 21 10 6 15 24 13 59 22 12 -10 -1 17 25 23 -14 -11 20 -20 -4 -2 27 -8 51 -27 30 29 35 31 32 33 -9 -34 36 -29 42 39 -39 -40 45 47 -44 54 -42 -47 53 -21 56 -31 -3 -24 -36 -33 -5 -50 -51 -19 60 -7 -28
right_child=1 5 3 55 -6 9 7 16 11 18 -12 -13 14 -15 -16 -17 -18 58 19 48 -22 -23 52 -25 -26 26 61 28 -30 50 -32 44 34 -35 37 -37 -38 38 40 -41 41 -43 43 -45 -46 46 -48 -49 49 57 -52 -53 -54 -55 -56 -57 -58 -59 -60 -61 -62 -63
leaf_value=-0.033210398872023456 0.030659074790972823 -0.025406046239512849 -0.034986604854416258 -0.0077485434576668516 0.023161529000712208 -0.030842286425051397 0.013548358395112411 -0.041687730907219465 -0.020158113559154214 0.047382980576297473 0.010670553060279201 0.047486395670784998 -0.031011754851364565 0.021547770221269667 -0.014219274071463381 -0.02568287568004575 -0.03047491354401587 0.025495286056362421 0.040009265026243634 -0.018422043838735146 -0.024255421688812857 -0.023686091448698054 -0.029018385462195852 -0.018904476875244422 -0.031995578648779874 -0.013547492580014095 0.023444390733518689 -0.029524950931873004 0.046107433245722217 -0.035527812393897427 0.042943662218443576 0.038024861863358461 -0.049878836824462008 0.024371590329036689 0.032852512283634783 -0.035393644854380728 0.021032333849584361 0.015625610993014419 0.041390664235236345 -0.041751455080206085 0.025902540228569054 -0.01646744256839654 -0.023001716278593522 0.029577505885022684 -0.011510925796339833 -0.041892692030592885 0.017272966086969533 -0.0081740903627809548 0.037379001312848555 0.042487396086474262 0.004547803875601733 0.013310915699631788 -0.0089663677464190041 -0.022575590262211662 -0.0015238283945974702 0.052172239312671155 -0.040884399233516555 -0.0066704580487509605 -0.028335541719380433 -0.025478314718918729 0.021681737208866177 -0.022070408386497414
leaf_weight=23.367735061372517 4.7944973940029731 14.66904076383071 146.23585987123806 3.8124767257977501 27.275778128998354 2.9103290867642491 8.30934453912778 5.8938816599547845 30.512917929023388 45.190121656516567 36.593391062924638 6.1311490589287123 3.8965981253422788 5.3159590922950875 17.061621085631486 14.432313979370518 4.1746340645477167 45.309840826084837 6.1768476795405176 2.6618477134034029 9.9214425216414366 295.28344512668264 28.573856514354702 6.130104473733808 9.7327475657220912 10.363313012698198 41.966774907836225 3.9613308470870825 10.697686870465985 10.530238480525442 28.777655828278512 64.082487969077192 1.556272955611347 3.7018417380750179 96.752172417822294 3.1008203604724249 54.352335342402512 6.2763651865534476 16.131380828330293 9.2510269455378857 37.871735290274955 12.168130198493598 8.3821800136938673 5.525509604252874 4.2825099081310318 4.8157453050371251 9.6108284951187652 5.5707203624770036 1.3566555269062512 43.34754373942269 10.200416325824333 8.3735307244060078 93.518123065368854 2.1512766587547949 5.6989066146779797 4.1157312190625817 2.3608557360712439 3.3221916938200584 2.180346740409731 4.6187755367718628 29.319206438958645 3.4058705009520045
leaf_count=3442 137 788 33369 423 580 113 190 145 4765 276 1539 119 333 436 1927 652 181 1101 61 60 368 53391 3149 229 283 262 714 103 106 320 268 867 50 40 1034 127 860 112 169 235 533 272 271 71 207 119 131 117 6 431 216 285 6616 59 147 69 61 32 291 123 530 106
internal_value=-0.000133354 0.0135932 -0.0209549 -0.0265169 -0.00240913 0.0179955 0.0150217 0.0179588 -0.00217312 0.0284723 -0.00682074 0.00349018 0.000266599 -0.0225096 0.00960268 0.000758743 0.0192099 0.017728 0.0341993 0.0249595 0.00100807 -0.0275108 -0.0119482 0.0197768 -0.0111476 0.00592676 0.0131512 0.0203948 0.0111698 0.00605996 0.022945 0.0208719 0.017109 -0.0158365 0.0186614 0.0138199 0.0170737 0.019411 0.0115774 -0.0187142 0.0176323 0.0110694 0.0255797 -0.00119388 0.0318893 0.0177589 -0.0035884 0.0291688 0.0319821 0.0350488 -0.0162769 -0.0111601 -0.0138975 0.0313829 0.0347485 0.0251573 -0.00939418 0.0388167 0.0223873 0.0101355 0.0160029 0.0195178
internal_weight=1468.07 884.843 583.224 449.448 190.756 694.087 542.901 449.69 133.776 151.186 163.48 105.092 98.9613 28.6837 68.4484 93.2108 431.648 51.3868 114.338 69.1474 16.0983 441.519 126.886 427.474 18.0421 78.7785 55.736 421.343 92.8428 82.1451 328.501 299.723 225.659 9.59572 216.063 61.4145 58.3137 214.507 96.1252 15.5274 80.5978 64.4664 118.382 13.9077 74.0639 52.2983 14.4266 104.474 53.0491 50.3872 20.7307 23.0426 122.092 98.9034 69.7814 7.92821 3.71751 46.6697 47.4902 36.8483 32.2295 45.3726
internal_count=124017 24351 99666 87252 12021 12330 10269 7462 12414 2061 11441 8536 8417 3878 3652 2807 6989 1725 1295 1019 429 86760 9902 6808 473 2155 1082 6579 1732 1626 4847 4579 3358 185 3173 1090 963 3123 1571 347 1224 1055 1552 342 1221 783 250 1210 590 530 536 1073 9765 1093 1014 492 67 463 1392 766 643 820
is_linear=0
shrinkage=0.05


Tree=16
num_leaves=63
num_cat=0
split_feature=192 15 182 27 120 27 168 1 45 15 187 47 157 139 82 140 29 176 45 12 192 95 142 142 173 107 32 143 135 185 1 142 32 176 153 178 168 142 122 41 1 112 94 158 141 25 158 186 129 130 80 188 27 34 178 24 94 189 52 3 91 95
split_gain=152.395 23.906 21.6303 9.89881 7.49492 7.47499 6.24707 8.3468 5.38096 5.30425 5.27436 5.26001 5.44325 6.28402 5.21225 4.96244 4.85818 4.70396 4.77765 4.70526 4.37362 4.19858 4.37767 6.23907 5.68179 4.72832 4.56184 4.28967 5.17624 4.91421 4.14989 4.13528 4.00889 3.99036 3.87131 3.57952 3.54366 3.73505 3.53319 3.52269 3.51146 3.35654 3.31297 4.82905 6.68423 3.28989 3.28222 3.46356 3.60735 3.27768 3.49057 4.26015 3.25782 3.33254 3.25287 3.24088 3.20902 3.16255 3.11002 3.08396 3.01142 2.95842
threshold=0.80100671140939605 0.89481895530149191 7.1279860199999954 0.14645003484561905 0.29824561403507205 0.1691354660015342 316486763.65000004 0.03865928546737412 1.3000588833230828 0.80589294524549782 0.28224394514152323 1.0711075658478737 -0.0086639390373249876 1.2109045661711664 0.57500000000000007 1.5709649855320469 0.72006176368310892 317.02730146259188 1.1808630054585614 0.067412057960940644 0.87793064876957505 0.82769205940062218 1.3615652035166546 1.6132040095451339 207.88031059679506 0.4250000000000001 0.64557261047773706 0.58083582139008605 0.25535682388474107 -21.293444850000011 0.018018018018015371 1.8821058118917386 0.0077290884123934226 1616.1264116248365 -0.51849944929303815 0.066636730666503691 96273046.175000012 1.019230023256074 0.45871408199557179 0.65722509255972683 0.039970775883307288 -0.29166666666666657 0.77912827666480966 464.32999716800049 2.0207721235500338 0.071059047333005096 654.22693507499991 0.033389074693422525 1.3404252943936388 1.3619485307285946 0.72500000000000009 0.077052142488384115 0.076690939195499908 0.021470815360052468 0.044497523443586144 0.048807331245866101 0.52268089975117593 0.90134228187919474 0.78228413965672139 0.0011363636363635916 -0.025859468735895699 0.6847133976859624
decision_type=2 2 2 2 2 2 2 2 2 2 2 2 2 2 2 2 2 2 2 2 2 2 2 2 2 2 2 2 2 2 2 2 2 2 2 2 2 2 2 2 2 2 2 2 2 2 2 2 2 2 2 2 2 2 2 2 2 2 2 2 2 2
left_child=1 6 4 30 52 11 7 57 15 10 -9 14 13 16 33 41 34 18 -7 -19 56 22 27 25 -25 -24 35 36 29 -29 -3 -12 -31 42 -13 40 37 -22 -16 -21 -26 -6 -4 44 -44 -5 -39 -48 -49 50 -27 -52 -2 -54 59 -18 60 -1 -8 -15 -14 -40
right_child=2 3 5 45 8 17 58 9 -10 -11 31 12 20 54 38 -17 55 19 -20 39 21 -23 23 24 26 49 -28 28 -30 32 -32 -33 -34 -35 -36 -37 -38 46 61 -41 -42 -43 43 -45 -46 -47 47 48 -50 -51 51 -53 53 -55 -56 -57 -58 -59 -60 -61 -62 -63
leaf_value=-0.028014646921173805 -0.0010025658046796298 -0.033646716709692402 0.026103190757026547 -0.0041213647419883663 0.031844536248413172 -0.026692603740269112 -0.019757742392185734 -0.03247647523464068 0.021496508185496848 -0.015114497093861557 0.021967195930129704 -0.012214009524810292 0.0052890483103562522 0.030857852856944729 -0.030529891777104568 -0.029138526680109744 -0.010065317502292415 -0.022153200562145977 0.027931493953207112 0.0059694280191310489 -0.031695338611827932 -0.033998952441440904 -0.026206953614094121 0.028407523324301038 -0.018918253013923456 0.04289124974456876 -0.041644595484255108 0.027910811162584249 -0.056941249389130345 0.031166099888770872 -0.022836773144879217 -0.033811595623405487 -0.043480783837789777 -0.016796739389217843 0.033579359468341931 -0.030700801542323991 -0.034869241624788661 0.02723867479354028 -0.020255400375570332 0.0444144327641132 0.022719680675009304 -0.007163045688902578 -0.024169336228864732 0.027080754608018121 0.034430630274041148 0.052902953455268888 0.028579293874583106 -0.061169017317140376 0.018004887421040769 -0.0067078503174475548 0.029193133347133884 -0.038138709995852713 0.033592061974450305 -0.028940491751679721 0.026364345748090247 0.027796920438596797 0.0050039130907183474 -0.00070355201405223006 0.053862509402115288 -0.018949855129301942 -0.033964701303867417 0.035396254280864896
leaf_weight=34.703358214574109 14.335691354877779 143.5120928739052 201.1486622855009 4.4557018826162658 4.8014706242829552 5.8660001810640088 1.1317145063076157 4.6158463440369806 14.025946092728189 20.553588074832078 50.257741596084088 4.2651378691662094 6.5578343425877419 2.7026522756496041 7.2323184181004754 26.279722868142926 14.194284172670452 2.4700959362671702 8.5519294576952216 7.3819477600045493 3.0201373319432596 4.304859346128068 2.8215733382385215 15.88349499250762 6.0788923627696994 37.967630853934679 6.4371102129443889 6.5553118083626041 5.1001909149345002 1.5023004701361067 294.21898035864979 2.6102110894862554 6.4199479261878878 5.5013866299850624 73.823285240614496 5.4794306973926714 3.0491204612699212 26.765547021626844 2.9496154026128334 55.502379020534136 16.865535774733871 104.26149365920173 15.057525098847693 19.826847186195664 5.9685865538194767 4.1045917933806777 2.6974425630178294 2.8795157861895859 1.5774443279951809 4.2954815273842533 5.6937574632465822 2.6066624252125621 22.545506058086179 1.4998679839773092 6.7118120826780787 7.9571442282758644 22.529637478204677 15.691987808131669 6.1160026632715017 18.547534599027131 14.139734441116159 5.1616878751665354
leaf_count=6099 551 33403 2606 452 105 168 116 447 478 2337 1252 139 169 46 218 2912 389 162 140 109 93 137 109 233 242 348 254 70 175 10 53659 364 179 148 1060 199 181 387 66 386 316 7281 339 258 54 53 29 80 23 117 60 72 407 66 81 105 732 1810 76 617 784 59
internal_value=-3.49964e-05 -0.0198237 0.0132072 -0.025401 -0.00179027 0.0173395 -0.00139029 -0.00410401 -0.00689062 0.00608278 0.0138763 0.0153703 0.0111694 0.019283 0.0207133 -0.0100052 0.0250816 0.0317709 0.00509331 0.0374155 0.00615371 0.00980759 0.0111894 0.0173264 0.00450209 0.0291175 -0.00673881 0.000269821 -0.0182778 -0.00153534 -0.0264609 0.0185439 -0.0268585 0.022468 0.0308921 0.002143 0.00969665 0.0143291 -0.00692822 0.0401438 0.0111499 -0.00512659 0.0234466 0.00993573 -0.00649987 0.0253719 0.0193605 -0.0092256 -0.0340665 0.03275 0.0365835 0.00568343 0.0176029 0.0284921 -0.00147953 0.00393262 -0.0078346 -0.019787 0.0407589 -0.0112883 -0.0216265 0.0146082
internal_weight=1451.77 581.972 869.799 446.291 187.75 682.049 135.68 128.433 149.369 78.0374 57.4838 602.277 339.43 128.202 262.847 135.343 100.24 79.7724 14.4179 65.3544 211.229 168.001 163.697 104.13 50.7445 53.3851 34.861 59.567 19.5778 14.4776 437.731 52.868 7.92225 247.503 78.0884 28.4239 39.9892 36.9401 15.3436 62.8843 22.9444 109.063 242.002 40.853 21.0261 8.56029 33.9199 7.1544 4.45696 50.5635 46.2681 8.30042 38.3811 24.0454 27.962 22.1514 43.2272 50.3953 7.24772 21.2502 20.6976 8.1113
internal_count=124017 100068 23949 87567 11800 12149 12501 12309 10776 4400 2063 11184 7436 2437 3748 10298 1693 965 308 657 4999 3314 3177 1950 1244 706 1011 1227 434 259 87062 1616 189 3405 1199 757 793 612 343 495 558 7386 3257 651 393 505 519 132 103 597 480 132 1024 473 744 494 1685 7909 192 663 953 125
is_linear=0
shrinkage=0.05


Tree=17
num_leaves=63
num_cat=0
split_feature=192 15 185 169 40 27 175 22 166 175 27 189 139 175 191 12 185 169 71 91 188 144 112 180 94 41 148 32 183 25 192 187 110 152 136 168 9 185 164 164 26 35 192 171 137 168 91 17 137 6 39 27 14 179 165 185 124 176 171 14 168 168
split_gain=138.739 22.1675 16.5037 9.53222 8.3372 8.24724 6.47761 5.90549 5.75131 6.68899 5.62985 6.57135 5.10739 4.59013 4.55679 4.21806 4.64721 4.06531 4.59625 4.17667 3.78827 5.1917 4.35244 4.3504 4.84517 3.89919 3.77111 4.57925 5.91072 4.70415 3.74818 3.69771 3.67943 3.61161 3.58358 3.56488 3.51068 3.60946 3.71857 3.50889 3.43343 3.66459 3.39515 3.31446 3.2176 3.2022 3.18194 3.11386 3.09035 4.26114 3.0413 2.99806 2.99008 3.34838 4.73749 2.97947 2.98747 4.11556 3.65107 3.61673 3.448 2.98118
threshold=0.79431767337807624 0.89481895530149191 -8.111591059999979 0.6520483064466599 0.0094131775597846769 0.14645003484561905 0.94391494390974617 0.78749827189661692 900113451.50000012 1.2556519241196356 0.11151960677070984 0.45226257547529802 1.0118410122722865 5.7266850866967376 0.8377964205816556 0.09255811596925477 -6.0081080899999781 0.76191341914821997 0.6470588235285607 0.88746681744791245 0.49665548098434009 0.56425391035504691 0.12500000000000003 0.017531093729965423 0.77498507007382755 0.45138457015872813 0.46677321278924261 0.26330641934821664 0.76318682000000149 0.10219038715802896 0.87793064876957505 0.95644878902830477 0.22500000000000009 0.49036144747812943 0.27045411705043354 8083860.1000000006 0.98337292161514467 -24.264701440000007 0.45447675955769062 2.9921783900457259 0.093118188683973133 0.83804010470824686 0.52006711409395978 41.253595078613934 0.55374490301258772 291421121.05000007 0.76138843259873579 0.75638268261834385 0.40697320516264518 0.16666666666655169 -0.0038304600703525072 0.089146695975370213 0.95752800484487011 -0.017899095504857517 0.22872762383481596 -10.641264970000035 0.65195441813079358 780.21217264866402 85.438199659702818 0.91064799777335759 45606269.70000001 39168810.850000001
decision_type=2 2 2 2 2 2 2 2 2 2 2 2 2 2 2 2 2 2 2 2 2 2 2 2 2 2 2 2 2 2 2 2 2 2 2 2 2 2 2 2 2 2 2 2 2 2 2 2 2 2 2 2 2 2 2 2 2 2 2 2 2 2
left_child=1 8 4 39 17 42 -5 12 9 15 11 43 45 32 -10 -1 -17 18 -2 26 -15 22 23 35 46 -26 27 36 29 55 -23 47 -13 -12 -16 -22 37 -19 -39 -4 41 48 -3 -9 -7 -8 -25 -14 -28 -50 -41 -32 53 54 -18 56 57 59 -58 -29 61 -60
right_child=2 5 3 6 -6 44 7 10 14 -11 33 13 31 20 34 16 52 19 -20 -21 21 30 -24 24 25 -27 40 28 -30 -31 51 -33 -34 -35 -36 -37 -38 38 -40 50 -42 -43 -44 -45 -46 -47 -48 -49 49 -51 -52 -53 -54 -55 -56 -57 58 -59 60 -61 -62 -63
leaf_value=-0.038974883924626794 -0.024415154620511345 -0.02936097870549554 -0.035426949317586311 -0.021219215473836761 0.040493742310365975 0.045263405368703498 0.029907658055843278 -0.0057620982942672497 -0.0014977037278421433 -0.02503639324525608 0.0025135713999358783 -0.01465248110202988 -0.012079189908738965 0.026617663736815973 -0.0059195553527643966 0.039879874957578922 0.034768331921160044 0.028250994264500229 0.017989117583356772 -0.031574903398561859 -0.034002697559362922 -0.0048859408696339153 0.028834605450589235 -0.043782882659501421 0.020196096403922836 -0.043158410861185631 0.029383902469260759 -0.02467453411254782 -0.025265044756452849 -0.032194282832130855 0.038194855387050808 0.022207477713348286 0.01799014758356661 0.021912435096141381 0.044152287098265353 0.01446671836816644 0.041729894338276036 -0.039479791750788112 0.011245748077336916 -0.016087682382261864 0.035047048359997252 -0.020227084130601727 -0.019706852706739109 -0.034378554534004853 -0.013915502519004426 -0.022699565747678094 0.010374521462294827 0.035204794356216158 -0.021539523390783171 0.018538199755023129 0.027444835432805549 -0.020108804710012206 0.015197413115861253 -0.021652782765234566 -0.041743936295479137 0.03297843348222701 0.037949623884033279 0.022711084272146919 -0.013230085579143397 0.0086476287566823549 -0.046091888676816156 0.044577638774879524
leaf_weight=4.5587009397568172 11.252426076564008 259.00612017259482 15.782131412244778 16.801231500998256 45.262301327427849 4.9261581504251799 66.523753002773446 34.975665238682268 19.715677779298858 34.371304587984923 37.374432506272569 36.378939321277358 24.217584620579149 29.018727805312665 4.202653360805928 7.8464872078038743 6.4396753057371843 21.96520815603435 12.313894887920467 3.0970472175395107 3.4755662591196623 8.489618247025648 8.7843456648988631 15.609541853831621 9.1061180296819639 2.1860738527902859 49.109480283397716 15.657412401167678 11.12728349061217 4.7218030297663054 20.828777672913933 19.660206948872656 10.192986441485116 70.868127785437537 13.809412030328529 23.517086183594074 20.494625031511532 3.9028419167734709 12.640593780903144 12.027032085898101 58.858954649651423 4.7745960713364175 163.8384943026067 13.917332222630646 2.967702316440409 2.2156154313124707 2.6686538862995794 3.0247722594067445 7.6045613778987891 27.866643008426763 4.7762529099127269 1.71771102817729 18.69855500315316 18.774768231327471 1.798784095328301 17.04424731945619 14.982238379307093 14.818954254966227 3.6676706494763476 14.886366003949659 2.1077965395525098 3.3603293667547405
leaf_count=737 547 58634 1755 1897 384 137 1204 2170 2013 4811 1177 2454 926 676 330 180 252 275 260 127 141 255 154 508 178 90 582 333 326 148 223 319 352 1633 449 655 221 131 193 658 615 108 27832 889 335 89 61 37 230 591 97 50 1256 2194 112 200 155 209 85 297 63 17
internal_value=0.000120399 -0.0192699 0.0125556 0.00648849 0.020363 -0.0247244 0.00835209 0.00952551 -0.00113824 -0.00787694 0.00605445 0.00143045 0.0192245 0.00605583 0.0150292 0.00243869 0.00670509 0.0175264 -0.00222417 0.0190332 0.011027 0.00605652 -0.00192813 -0.00721043 -0.0202011 0.00501117 0.0196556 0.0141435 0.007555 0.011842 0.0225599 0.006177 -0.00717505 0.0153444 0.0325095 0.00705544 0.0251752 0.0154049 -0.00200442 -0.0192222 0.0254888 0.0188191 -0.0256874 -0.0145337 0.0233898 0.0278391 -0.0354884 -0.00559148 0.0212923 0.00945396 -0.0025864 0.0328753 0.000171716 -0.0102218 0.0148112 0.0146426 0.00966968 0.00184698 0.0235247 -0.00851624 -0.00104824 0.0158968
internal_weight=1436.61 560.954 875.656 494.138 381.517 430.738 461.553 444.752 130.216 92.4883 329.11 220.867 115.642 171.974 37.7277 58.117 53.5583 336.255 23.5663 312.689 125.402 96.3835 65.3474 56.563 29.5704 11.2922 309.592 161.377 102.374 91.2468 31.0361 46.9026 46.5719 108.243 18.0121 26.9927 59.0033 38.5086 16.5434 32.5854 148.214 89.3553 422.845 48.893 7.89386 68.7394 18.2782 27.2424 84.5807 35.4712 16.8033 22.5465 45.7118 27.0132 8.23846 86.525 69.4808 45.3627 24.118 30.5438 9.1358 7.028
internal_count=124017 99272 24745 18648 6097 86938 16138 14241 12334 9542 11666 8856 2575 5797 2792 4731 3994 5713 807 4906 2991 2315 1787 1633 837 268 4779 2653 1833 1507 528 1282 2806 2810 779 796 820 599 324 2510 2126 1511 86466 3059 472 1293 569 963 1403 821 755 273 3814 2558 364 1359 1159 839 320 630 165 102
is_linear=0
shrinkage=0.05


Tree=18
num_leaves=63
num_cat=0
split_feature=192 182 115 40 189 167 1 160 27 92 135 138 21 192 122 91 151 172 24 10 148 89 109 164 172 82 12 25 168 6 45 69 122 139 135 141 173 16 35 164 165 192 133 86 29 154 93 192 85 174 166 139 174 135 6 117 172 114 153 178 1 167
split_gain=123.603 23.3668 14.7271 10.4057 8.75611 8.18708 6.79392 7.65124 6.47184 5.88641 5.87942 5.24377 4.66857 6.05663 5.65883 5.22755 4.64774 4.52412 5.24804 4.34087 4.40251 4.28993 4.35504 4.21317 4.0642 4.05277 3.96347 3.87703 4.43887 3.89222 4.07852 3.84165 3.78645 3.74037 3.64328 3.62262 5.68896 3.59067 4.43138 3.79646 3.48116 4.30554 4.10422 4.07436 4.54196 3.93311 3.48969 3.51026 3.99776 3.45288 3.36132 4.27599 3.32199 3.30763 4.31145 3.26384 3.24188 3.23963 3.3993 3.16061 3.14674 3.14314
threshold=0.72073825503355715 7.1279860199999954 0.15514003018614617 0.0094131775597846769 0.95485458612975405 380232638.10000008 0.03865928546737412 52.15687992364235 0.14645003484561905 0.83306300512738141 0.70793600419425762 0.80556730596608217 0.88068069030177565 0.88461968680089498 0.39385320633086823 0.088425105751139058 0.48293287509881494 6.9683306232358779 0.071945049649296031 1.0104821802934947 0.36639883162686798 0.44764131772687604 -0.24999999999999994 27.645465956617599 91.407382163404094 0.17500000000000002 0.99135777699210503 0.074064296619294215 112824692.82500002 0.21428571428503643 1.1903420573188146 0.92187499999991362 0.57062565070465132 1.6344633524373609 0.50511684072819396 1.3521828058308503 372.67164418279083 0.78400419458781079 0.81941346417706307 -3.8419772987293452 -0.31621399867252376 0.95485458612975405 0.32376228701154136 -0.48333333333333328 0.2952301106732394 0.19726029807878401 -0.57429317683327097 0.92809843400447434 0.52500000000000013 -7.014243651155339 -5579198.9999999991 0.91460817852485421 -23.237171771402526 0.23175304403051358 0.057142857142832994 0.49483013293943762 4.0813666071177863 0.78571428571381585 0.11796902645968121 0.040679252955796184 0.032420900955558205 8203704.0000000009
decision_type=2 2 2 2 2 2 2 2 2 2 2 2 2 2 2 2 2 2 2 2 2 2 2 2 2 2 2 2 2 2 2 2 2 2 2 2 2 2 2 2 2 2 2 2 2 2 2 2 2 2 2 2 2 2 2 2 2 2 2 2 2 2
left_child=2 4 6 10 8 -4 -1 50 34 -7 12 -6 21 15 16 32 59 -18 -19 -16 -21 22 -3 -5 27 60 33 31 29 -29 -31 57 61 40 -2 36 -27 38 53 -39 41 42 -22 52 -45 46 -46 -48 49 -49 51 -8 -42 54 -26 -35 -17 58 -23 -15 -24 -14
right_child=1 3 5 23 11 9 7 -9 -10 -11 -12 -13 13 14 19 56 17 18 -20 20 26 24 25 -25 37 35 -28 28 -30 30 -32 -33 -34 55 -36 -37 -38 39 -40 -41 43 -43 -44 44 45 -47 47 48 -50 -51 -52 -53 -54 -55 -56 -57 -58 -59 -60 -61 -62 -63
leaf_value=-0.019234030279418085 -0.0055076008050757019 -0.033518179941168361 -0.025296107436732829 -0.0026584970279483005 0.041251240489157348 -0.024692381386121263 -0.027163281981094429 -0.032606363828758415 0.013030242038168344 0.039289017228456846 -0.0082315531813377911 0.0013501981088723555 -0.00060308598947211183 -0.011601262934578716 0.031466324392664655 -0.03770829140315976 0.025172249369311662 -0.038610989874709338 0.031135743188486154 -0.0013660198381804502 -0.038011775120476113 -0.012864338135150795 -0.011304603152944339 0.039763017576745718 0.026360880681630103 0.01870427954278114 0.03798362597629807 0.024431494864347383 -0.035612331483185551 -0.021571468996822971 0.031881011932008867 -0.0060146304719679352 -0.019748065504857273 -0.064452409075336531 -0.02110350652703907 0.028588436659172309 -0.050433201647073295 0.021651239456317292 -0.045905266897141694 -0.037428876431292189 0.042172496376743862 -0.037586165630988835 0.031801801144859101 0.027516297334960291 0.026075461692203858 0.039042612740694441 0.0082817408569845208 -0.056239189129508961 0.0025593363674012255 0.01527607844889535 0.032987005944373017 0.032551635877718789 0 0.028508339998595967 -0.039915793305365863 0.0072770974364983823 -0.0016604925468863302 0.048681894521950118 0.032405547422589748 0.032744297382969793 0.038471381674050058 0.0281650734481129
leaf_weight=23.622799968441541 104.24310074960886 1.8999679279513646 398.15752884243466 6.192298747599124 14.836954099708235 5.0637476312476775 5.8072138368152064 6.4245862588286391 31.716859303804085 7.903347012017548 29.508688514102687 17.860761254443787 12.637483419181079 5.3385147668886921 50.635582046932541 5.7663364190648272 4.1763506585266468 15.398442438337954 2.3679954204708329 34.123547120834701 1.8528544902801494 5.4402397095691439 2.7552557392045847 52.384465704613831 3.6571214990690413 6.2069859721232223 21.655427413526922 30.367981377290562 3.9176636734046033 11.089499368797986 4.0462254872545591 5.7645756076090029 5.8354432670166707 1.7699280513625115 59.533399967400328 11.832563982810823 4.0678432357963175 2.9078508759848765 2.1492435852996996 8.7046557371504587 25.363908765371892 5.4484600215218952 7.215805088635534 28.242672703601784 6.2911777712870345 4.9527617059648028 11.359379860572522 8.6513931227382255 6.8725919253192833 1.4738727156072879 24.428955905605108 4.3512594548519701 5.4988233319891142 17.523929339833558 4.1752694407477975 3.0541406785341678 87.168271387818095 21.728075128281489 11.116447316482661 10.469090465456246 65.089642663951963 33.081411981618658
leaf_count=3943 8492 101 84022 170 208 1061 222 599 1130 106 1619 593 505 131 628 591 65 405 22 639 64 134 55 436 46 84 226 420 148 265 59 111 321 82 7100 151 94 41 67 254 170 108 101 392 105 32 240 261 125 14 405 76 112 242 125 69 4120 164 133 135 622 856
internal_value=0.000231122 0.0106744 -0.0205337 0.0150936 -0.00323763 -0.0240147 0.00156055 0.0138299 -0.00728165 0.0139668 0.0132505 0.020291 0.0142742 0.0110041 0.0155246 0.00271598 -0.00221887 -0.0169114 -0.0278846 0.0185275 0.0145713 0.0201026 0.0284752 0.0352253 0.0140952 0.0301937 0.0184817 0.0197085 0.00964527 0.0143313 -0.00588195 0.0304233 0.0153497 0.0145732 -0.0113008 0.0106493 -0.0102694 0.000400964 0.0103387 -0.0216947 0.0164933 -0.00577024 0.0146827 0.0198429 0.0125602 0.00135569 -0.00483525 -0.0125179 -0.0263835 -0.0449423 0.0232698 -0.000512079 0.0347985 0.0168566 -0.00892274 -0.0247295 -0.00432801 0.0360505 0.0173604 0.0176713 0.0362425 0.0202633
internal_weight=1423.18 947.419 475.759 719.228 228.191 411.125 64.6348 41.012 195.493 12.9671 660.651 32.6977 631.143 406.702 262.213 144.489 37.7504 21.9428 17.7664 224.462 173.827 224.441 91.8523 58.5768 132.589 89.9523 139.703 93.4707 49.4214 45.5037 15.1357 44.0493 51.5543 118.048 163.777 22.1074 10.2748 39.1181 27.5056 11.6125 113.224 14.5171 9.06866 98.7066 67.8438 39.6012 34.6484 28.3572 16.9979 10.1253 34.5874 10.1585 30.8627 25.3563 7.83239 4.82407 92.9346 38.2848 16.5567 15.8076 67.8449 45.7189
internal_count=124017 33583 90434 16060 17523 85189 5245 1302 16722 1167 15454 801 13835 10519 4126 6393 758 492 427 3368 2740 3316 1107 606 2209 1006 2101 1434 892 744 324 542 1682 1875 15592 329 178 775 480 295 1724 273 165 1451 1169 777 745 640 400 275 703 298 282 413 171 151 4711 431 267 266 677 1361
is_linear=0
shrinkage=0.05


Tree=19
num_leaves=63
num_cat=0
split_feature=192 50 182 57 1 166 135 160 164 189 190 143 107 163 24 46 96 34 139 12 177 147 89 68 59 148 69 166 166 29 189 166 178 142 178 1 139 112 146 157 18 85 115 142 191 185 129 12 50 34 143 97 139 96 116 168 52 42 96 186 13 50
split_gain=112.187 17.3441 17.0243 7.36003 6.50593 7.75053 5.88288 5.87957 5.97877 5.7622 4.92368 5.60179 5.08291 8.05113 4.80284 4.79153 4.2682 6.92362 6.04749 5.63116 4.40262 4.37841 7.19706 4.53847 4.37533 4.06561 3.92667 3.90582 3.88783 3.86158 5.76767 3.76352 3.72256 4.10843 6.64465 3.70842 3.70445 3.56331 3.55354 3.53653 3.34093 3.64304 3.33337 3.31318 3.30603 3.23851 3.20865 3.20836 3.14219 3.06875 3.06001 3.0138 5.56008 2.97684 2.95063 2.90352 2.89037 2.81292 2.79604 2.73971 2.70007 2.68763
threshold=0.79431767337807624 0.86106887230315177 7.1279860199999954 1.3296968067099439 0.03865928546737412 1791665091.5000002 0.70793600419425762 12.769738497769486 4.9959888116394611 0.93478747203579438 0.93813199105145417 0.22528721870256926 0.54166666666666685 7.3792801800566403 0.021454799308675134 1.3432250127964882 0.33851227517870203 -0.0046955933297566496 1.443769152498682 0.96083017379354818 0.049502862931213275 0.53375193623257478 0.90824311423704629 0.57954545454543105 0.93696545171965806 0.50487742524714407 0.84434750003148529 3865935459.5000005 68715600.500000015 0.74893623069685522 0.87124161073825512 -5579198.9999999991 0.0285095781176463 1.068819191149444 0.059666260324811281 0.015384615384614423 1.8886100203186065 -0.29166666666666657 0.49996588855169039 -0.00032402205197851409 0.97095880477268481 -0.77499999999999991 0.38542216649067113 2.2148095360969484 0.79097315436241622 -9.5897453750000192 0.76386235299856009 0.75109611331235615 0.80113335313573064 0.021470815360052468 0.78449830310613045 0.41213419894123393 1.9942458268207193 0.26744950147613805 0.67934857529878223 29027779.650000002 0.73554490639486347 -0.010444825651563452 0.47217747581438313 0.9241666666666668 0.95729537366543194 0.89030235231734134
decision_type=2 2 2 2 2 2 2 2 2 2 2 2 2 2 2 2 2 2 2 2 2 2 2 2 2 2 2 2 2 2 2 2 2 2 2 2 2 2 2 2 2 2 2 2 2 2 2 2 2 2 2 2 2 2 2 2 2 2 2 2 2 2
left_child=1 4 9 35 5 -1 10 31 14 15 16 55 27 -14 -9 37 18 42 20 36 29 23 24 25 51 39 -22 32 -24 46 40 -6 57 34 61 -3 -20 -2 -11 -19 41 -31 58 -40 -10 -28 -4 50 53 -35 -33 -23 -53 -48 -51 -12 -39 -13 -18 -59 -26 -34
right_child=2 3 6 -5 7 -7 -8 8 44 38 11 12 13 -15 -16 -17 17 21 19 -21 26 22 28 -25 60 -27 45 -29 -30 30 -32 47 33 49 -36 -37 -38 56 43 -41 -42 -43 -44 -45 -46 -47 48 -49 -50 54 -52 52 -54 -55 -56 -57 -58 59 -60 -61 -62 -63
leaf_value=-0.024860649443910764 0.026323322565727749 -0.03198726755111278 0.0022008877734642136 0.025505754541974009 -0.01084687348077815 0.023804120985080401 -0.0070166342808936416 0.013532538685718444 -0.0099724470798157883 -0.031486008577731601 -0.036989727994521042 -0.038510395733416913 0.038656872568039485 -0.050151645148520468 -0.034137568557974431 0.020699577060506482 -0.033137317773639978 0.010454769032131286 -0.046084118223920036 0.034497733641364263 0.04185925972768454 -0.0025461971322690291 -0.032169454630100451 0.021063302341125471 0.040563394504088468 0.01240804208546852 -0.04343323131865931 -0.010378692143852669 0.03641594480064151 0.023244545828357364 0.033749877915354561 0.043922218121653936 -0.058582199675197177 0.031416661862202287 0.036926220706446432 -0.020349900813341919 0.0069322037358374739 -0.0020271938830685346 0.026764421839536368 -0.029112415199384775 0.0012560861505564972 -0.052447078063859509 -0.043501140526153552 -0.018920982420217676 0.031805150890784367 0.030093183611226277 -0.027454908834341686 -0.0049906087587889827 0.028532695904589109 0.026042692948696135 -0.014201162834266959 -0.060449634132203882 0.016906703544648179 0.032254803280947653 -0.035538354309120362 0.0078432459460523359 -0.016931321986886804 0.021280125267521696 0.023239399318773134 -0.023029223112010569 -0.015003408212168723 0.013966773626312485
leaf_weight=39.055338694844977 5.8839255163911721 95.249509138523536 18.518798501463607 7.0566956926923003 5.8497558003291479 9.3316555991186743 27.643268592169989 6.6620225298684117 6.7109123447444317 2.6090611321851602 4.6098736099665976 2.058799050224482 3.4797656619921309 4.950721520523075 17.002105283230776 14.251652072331124 2.5761342872865489 8.5077965101663739 7.7716883897082898 4.1982293543405822 32.919508920516819 6.5161039878148648 1.6223127613775421 92.592789819464087 3.2699448205530635 44.319243853260559 2.0495477570220832 6.773553342325612 10.701357444166204 1.3362840106710789 9.5286824405193311 21.095943155232824 3.605944362934677 177.19280178217741 4.2913511879742146 320.76851023984909 4.6679730550386012 58.495115433755927 28.936518371338025 13.083084264537318 19.380388314253651 5.825359407579529 8.1694916635751706 3.7181315899360916 11.673313389706889 1.9299279926344741 4.6124223694205275 4.6561551147606215 76.199332167234388 2.9285492724739006 1.9155355358961959 10.062124664895235 2.3492297865450373 2.3058325378224254 2.8276537647470832 9.0818115142174047 75.646413999056676 16.475139271875381 4.6888710292987525 3.3844670723192385 3.5208616310264915 1.1736363894306121
leaf_count=6711 146 23619 385 371 218 655 1286 367 640 127 121 86 24 199 2218 391 120 199 320 43 321 139 53 1446 33 1072 59 230 138 12 83 268 126 1888 33 63428 110 3496 516 477 475 170 322 193 380 17 109 321 1122 30 76 350 35 25 76 179 7380 262 104 78 115 24
internal_value=0.000287085 -0.0174064 0.0115122 -0.022216 -0.000904138 -0.0150822 0.0152326 0.00818762 -0.00417395 -0.00169568 0.0162017 0.0218762 0.0237357 -0.0127528 -0.02051 -0.00590185 0.0127263 0.0077418 0.0181562 -0.00995679 0.020905 0.0103218 -0.00471497 0.0139691 -0.0196809 0.00376225 0.0362956 0.0252032 0.0252751 0.0165131 0.00221946 0.023512 0.0263961 0.0286262 -0.0033838 -0.0230966 -0.0267822 -0.00877236 0.0162236 -0.0135272 -0.00973293 -0.0365936 -0.0234373 0.0210064 0.0165691 -0.00788855 0.0214661 0.0310759 0.0256218 0.0302503 0.0384857 -0.0316756 -0.0452659 -0.00536224 -0.00425069 -0.00840159 -0.0105322 0.00624418 0.00105293 0.0127472 0.0128838 -0.0405683
internal_weight=1410.27 547.027 863.241 423.075 123.953 48.387 673.701 75.5657 42.0484 189.541 646.057 242.834 229.142 8.43049 23.6641 154.277 403.223 211.979 191.244 16.6379 174.606 196.545 38.0419 158.503 25.7183 65.9101 36.899 220.712 12.3237 137.707 36.0707 33.5174 213.938 192.02 9.07093 416.018 12.4397 140.025 35.2637 21.5909 26.542 7.16164 15.4345 32.6546 18.3842 3.97948 101.636 27.6676 83.1176 182.949 23.0115 18.9275 12.4114 6.91825 5.7562 13.6917 134.142 21.9184 7.26501 19.8596 6.79081 4.77958
internal_count=124017 99272 24745 87418 11854 7366 12496 4488 3605 12249 11210 3356 3056 223 2585 11413 7854 4603 3251 473 2778 4057 863 3194 672 1748 397 2833 191 2381 740 883 2603 2177 183 87047 430 11022 836 676 657 182 546 709 1020 76 1641 665 1256 1994 344 524 385 134 106 300 10876 426 224 340 148 150
is_linear=0
shrinkage=0.05


Tree=20
num_leaves=63
num_cat=0
split_feature=192 182 115 1 87 192 162 159 38 160 154 94 160 168 61 189 16 168 40 95 91 45 87 166 166 25 150 6 21 33 11 182 142 26 161 54 39 151 1 112 190 8 135 119 42 141 85 142 37 142 171 46 110 60 192 3 23 154 138 177 70 69
split_gain=99.5703 15.4819 12.4901 6.81624 6.18783 8.20636 7.67377 6.47381 6.3385 5.94232 5.87281 6.48498 5.8063 5.61909 6.55596 5.08543 4.89774 4.86207 4.96979 4.62921 4.58252 4.23623 4.02194 3.98891 3.98462 5.79443 4.49335 5.01562 3.96247 3.86483 4.78498 3.84756 3.78311 3.71214 3.6037 3.45075 5.26707 5.15607 4.49456 3.92621 3.59544 3.78984 3.46066 3.42179 3.40752 3.40003 3.32728 3.2178 3.18348 3.13612 4.42513 3.11953 3.11374 3.79432 3.06466 3.00726 3.00715 2.9988 2.97199 2.89952 2.78632 3.32717
threshold=0.72408277404921717 7.1279860199999954 0.15514003018614617 0.03865928546737412 0.64166666666666672 0.88461968680089498 74.67541688583978 247.04137373900008 0.77529395683300939 34.505449903247545 0.15108963304125947 -0.28694052616996507 18.518286766342602 291421121.05000007 0.88367789486650949 0.93478747203579438 0.70822459961749973 106816123.65000002 -0.00093395159609183608 0.80646783786412424 0.21608145181367319 1.1011568659940958 -0.54166666666666663 78473098.500000015 491580268.50000006 0.043199352036634386 0.45347473144637324 0.30681818181796433 0.92991582293190844 -0.016812885961490991 0.9862258953167512 32.612046500000027 1.6132040095451339 0.097472958125366535 37.538420715008833 0.98952811985222344 0.12001116100204397 0.4837344551760811 0.03833199453966641 0.033333333333333361 0.015044742729306488 -0.38157421090518145 0.67171108632509757 0.15575245034261351 -0.010006186235671453 1.2169342319699481 0.87500000000000011 1.7806308028558131 0.016427355756832272 1.1712592552323697 80.341027771169919 1.2354073559482492 0.17500000000000004 0.87334857108104857 0.35392419175027873 0.015841584158413306 0.044003728598159958 -0.38424978034877244 0.69008579598538156 0.057191723809905053 0.74853610682498672 0.78300535613881705
decision_type=2 2 2 2 2 2 2 2 2 2 2 2 2 2 2 2 2 2 2 2 2 2 2 2 2 2 2 2 2 2 2 2 2 2 2 2 2 2 2 2 2 2 2 2 2 2 2 2 2 2 2 2 2 2 2 2 2 2 2 2 2 2
left_child=2 12 3 -1 5 7 17 22 10 56 11 -6 -2 47 -15 33 29 35 32 23 21 55 -3 -10 25 28 -27 59 -18 -13 -31 -26 -19 45 43 36 37 39 -39 52 41 -37 60 -17 -24 -14 -8 54 49 50 -25 -23 53 -7 -4 -9 -5 -22 -40 -28 -42 -62
right_child=1 4 13 9 8 6 46 20 19 -11 -12 16 15 14 -16 34 24 18 -20 -21 57 51 44 48 31 26 27 -29 -30 30 -32 -33 -34 -35 -36 40 -38 38 58 -41 42 -43 -44 -45 -46 -47 -48 -49 -50 -51 -52 -53 -54 -55 -56 -57 -58 -59 -60 -61 61 -63
leaf_value=-0.019545815468198557 -0.026673539690344108 -0.023974419224683179 -0.026836091631197281 0.026395607506426319 0.03699178118497623 0.026482425747568039 -0.05580189399270661 0.022668962653803838 -0.035585155457979988 -0.025494532942175997 0.025334807219140432 -0.067669064334808099 0.0011848048164135106 0.038770418483753039 -0.02019597339461485 -0.013032311885525331 -0.035397666150798694 0.042059930837243173 -0.037766793678357634 -0.033626913887790495 0.017388355659048383 -0.039133450205592446 -0.010357286361040748 -0.046589677340661495 0.0023303070222075754 0.017521640916250202 -0.067284598852176442 -0.0024208574388050485 0.030073041368141221 -0.0306922386714867 0.039362220917856933 0.028528862901475233 -0.027689692266696014 0.01025155663856119 0.00078422790907264016 0.013426907255792923 0.030101305737721809 0.013247501724089922 0.0024649699154769451 0.031147391152955325 0.025457946246032495 -0.065642547091983403 -0.0017558192633386417 0.041668593723191656 0.027085282770463816 -0.01494492453627648 0.0058812387842596412 -0.032043404788307778 -0.012385932602377027 0.036030830843289029 0.027639720055219325 0.0037702902396081388 -0.039691679977466338 -0.016769236303867018 -0.016136497782984181 -0.015581149887900228 -0.032796176473710345 -0.022832527012867993 -0.059668084941581934 0 -0.0086561489434743549 0.026463699579085599
leaf_weight=22.981919041680158 20.837045414340537 4.9495152601739383 126.12782286999391 31.632927890866995 14.01796554775501 9.1919982824474626 4.5834951070137313 22.535948742224722 1.3881386090069998 6.8453548827674231 61.643674236605875 3.0689452916849396 61.124215811069007 7.2496449740137932 9.9587251310313132 2.8269784306176033 1.9055806915275741 4.3557242010720074 7.6674057874297414 2.0385105892528363 4.2855659672168249 7.1682412350346558 6.6955331531244147 2.1799823839101 32.790776847752568 4.7504464541561928 8.0272374217165652 7.9294044648995614 11.120889835503474 6.1396215059794468 2.6910807425156236 24.363959550857544 2.1144066569395363 38.144083507650066 17.67122849682346 2.8614675095304847 16.050223159370944 4.0720030185766509 2.2312697134911996 11.126940636429934 155.52254834093401 1.5739156389608968 14.821541042732859 15.079483673442153 31.473980075308646 67.576108543242299 3.0850769155658782 91.013721721153161 3.2863636510446659 86.922244922025129 4.4458272317424417 8.0804848187835869 3.8631791744846842 9.0385570870712382 167.77670191672951 5.6450200759572899 1.3902095197699953 44.585954072725144 7.026955179637298 1.7676180426497001 14.219818593468519 11.053862648084758
leaf_count=3971 2975 275 30862 570 246 113 148 723 57 648 1006 98 4756 214 1869 77 67 45 377 65 196 574 346 74 971 77 307 175 247 131 21 367 89 1544 620 38 167 61 35 112 2077 46 491 196 664 6938 59 19868 68 921 47 302 95 178 32785 218 65 2934 179 25 250 102
internal_value=-0.000229889 0.00926472 -0.0190799 0.00155389 0.0129163 0.00901636 0.0138266 -0.00107848 0.0186841 0.0140197 0.012908 0.00624788 -0.00217456 -0.0223131 0.0051361 0.000441475 0.00176722 0.0152434 -0.0124403 0.0287873 -0.00856744 0.00314166 0.01467 0.0304589 0.00577351 -0.00716757 -0.0222915 -0.0335951 0.0182983 -0.0270692 -0.00700274 0.0138828 0.0179414 -0.0032171 0.0173542 0.016794 0.00630023 -0.00226141 -0.0274801 0.00821915 0.0200051 -0.0206261 0.0210521 0.0325357 0.0202929 -0.00729574 -0.0325941 -0.0235633 0.0318108 0.0335309 0 -0.0172577 -0.00396029 0.00502169 -0.0208206 0.0145642 0.0228661 -0.0189273 -0.0454258 -0.0558068 0.0229487 0.0069364
internal_weight=1388.6 923.618 464.977 62.8504 700.359 419.881 284.46 135.42 280.478 39.8685 180.217 118.574 223.259 402.127 17.2084 202.422 104.556 276.792 14.1375 100.261 92.3012 43.4297 43.119 98.2226 92.6559 35.5012 22.4747 17.7243 13.0265 11.8996 8.8307 57.1547 6.47013 166.844 35.5777 262.654 62.6011 46.5509 13.3302 33.2207 200.053 4.43538 195.618 17.9065 38.1695 128.7 7.66857 384.918 96.8344 93.5481 6.62581 15.2487 22.0937 18.2306 293.905 28.181 33.0231 48.8715 9.25822 9.79486 180.796 25.2737
internal_count=123822 32970 90852 5254 15864 10894 4662 6232 4970 1283 3738 2732 17106 85598 2083 14131 2486 4455 511 1232 4947 1817 1285 1167 2236 898 584 507 314 250 152 1338 134 13238 893 3944 940 773 275 498 3004 84 2920 273 1010 11694 207 83515 1110 1042 121 876 386 291 63647 941 635 3130 214 332 2429 352
is_linear=0
shrinkage=0.05


Tree=21
num_leaves=63
num_cat=0
split_feature=192 182 15 160 52 175 27 191 58 121 38 29 1 172 102 161 66 70 160 20 161 46 161 91 42 138 178 36 191 114 34 39 40 27 79 132 135 46 23 97 40 17 35 58 134 35 174 192 77 159 127 95 120 134 92 97 91 87 75 166 58 37
split_gain=91.4455 14.425 11.6354 8.18694 6.26581 5.77658 5.41071 5.1645 4.99828 4.65665 4.39543 4.33986 4.26597 4.44373 4.10173 4.03698 6.88801 5.66279 5.46413 4.59277 3.97687 3.65017 3.61113 4.06094 6.44762 4.22133 3.75086 3.60251 3.60208 3.59497 3.5634 3.51749 3.43543 3.3917 3.36688 3.31246 3.51536 3.23617 4.31265 3.19087 6.14933 6.58907 4.9414 4.33114 4.30525 3.20013 3.16356 3.0602 3.05426 4.79612 3.41352 3.37639 3.08738 3.84439 3.05161 3.02939 3.85136 3.01377 2.98798 3.37466 3.31372 3.50644
threshold=0.72408277404921717 7.1279860199999954 0.89481895530149191 35.224225727691184 0.69942809277836304 0.7909781481040139 0.14267945407050539 0.083752328791721856 0.95619507637181933 0.34693877551012303 0.85733280625778352 0.7817381133900313 0.033252328758493807 19.437626814183997 0.54166666666666685 656.62488010564323 0.35833333333333334 0.43424026628982293 875.21524954346728 0.87203489989600802 40.100645029617418 1.4178792830035405 132.11973748723281 0.083227951028506067 0.045214156058831063 0.56748492552596219 0.031984344343743858 -0.10150624355632194 0.54256967670011158 0.71428571428566856 0.013563676104198834 -0.026070793210464127 0.0030686554361845555 0.082342728270926327 0.25000000000000006 0.97102966158194259 0.51868870232691711 1.0630741479704222 0.041359934884696789 0.25948843104038405 0.0023066196599764647 0.81598343263559447 0.76320443523179371 0.92434318358662626 0.36680635954963275 0.042178347646326129 -11.459546746402209 0.95819910514541395 0.34166666666666673 508.66842856475012 0.14099366689547241 0.72215629915772306 0.41089326361623052 0.18299937555422816 0.40756232713777119 0.21048598758475681 0.73063249126135565 -0.85833333333333328 0.27500000000000008 533810533.50000006 0.96751957555638957 0.0053099645460080057
decision_type=2 2 2 2 2 2 2 2 2 2 2 2 2 2 2 2 2 2 2 2 2 2 2 2 2 2 2 2 2 2 2 2 2 2 2 2 2 2 2 2 2 2 2 2 2 2 2 2 2 2 2 2 2 2 2 2 2 2 2 2 2 2
left_child=2 5 3 12 7 -2 11 -3 34 20 22 15 13 -1 27 17 -17 31 32 -19 -7 -4 58 24 26 37 -24 -13 -20 -14 -26 35 -18 -16 -8 47 -37 -25 -39 42 -41 45 43 -27 -45 -42 57 -6 49 52 -50 -52 53 -21 -10 -33 -57 -29 -9 -60 61 -61
right_child=1 4 21 -5 6 9 8 10 54 -11 -12 14 29 -15 33 16 18 19 28 48 -22 -23 23 25 30 39 -28 46 -30 -31 -32 55 -34 -35 -36 36 -38 38 -40 40 41 -43 -44 44 -46 -47 -48 -49 50 -51 51 -53 -54 -55 -56 56 -58 -59 59 60 -62 -63
leaf_value=-0.031549975930950887 -0.026762839147787949 -0.01337261367842626 -0.023062528626649089 -0.021813730277693011 -0.035392226258212804 0.027143092557153782 0.016712716086575367 -0.014929553309427055 0.041140648347704978 -0.0039995774080426507 0.030386497358517801 0.02342437775746746 0.021413562354460493 0.012537405219669602 0.032626496266849631 0.017105927828551002 -0.050932890829429062 -0.023705630598307433 -0.024582253609414857 0.024128496053914598 0 0.029490460537233639 -0.011258899768520712 0.010169953035510498 -0.062169875900347608 -0.032029360196079326 0.032547243098234091 0.016646102741629715 0.015981434517510263 -0.021747653821466525 0.014634916538416382 0.0045783782000614875 0.0039125756720322291 -0.032310241724886536 -0.059233349854981091 0.034262956710826957 -0.011791748854726274 -0.054290429878518232 0.013942699976765109 0.039212128131701239 -0.019555835561645456 -0.058714312457528811 -0.049554012394164383 0.027453010313697152 -0.024422423600935741 0.014037151736958662 0.0026312819441543069 0.017557231255691776 0.032508878739905933 0.030548756452212139 0.017035388269879905 -0.030508235354344122 0.0085505778617260587 -0.04145408250059409 -0.0124345502018851 -0.044223164380672322 0.016940793327013839 -0.029889837319070547 0.040098976605466602 0.015922423286063764 0.033272120686560026 -0.056256284589254982
leaf_weight=10.905225488531871 20.471577514781529 12.582644988666287 355.64835466585828 36.764282550473581 5.4135288203542604 25.080507037346251 2.317196752876046 2.9093059119768432 23.157320782775063 150.09976903634379 61.840504741994664 5.4060989841818801 38.580100423656404 10.003244931634979 9.1271248695375089 24.939600201671055 11.420182457834015 5.4569146521389476 7.9753400260815424 2.164673847146334 28.037405494833365 2.4399148918455458 4.7164721596054724 6.6096331742592147 2.3181466946844003 5.0842493977397742 52.121232941164635 3.1383833924774036 13.022852889396743 4.5644566865885272 2.0508816908113658 9.4897780597675609 3.3180364574436672 1.5836471237707872 1.6937960823997853 13.572793739896953 5.0109174746830822 6.1557821601163578 2.7657718034461141 20.709540974814445 6.6068847757542235 2.4010096186539149 3.878161674947477 16.129135012975897 4.271764757577329 107.62732626024444 14.361066328769082 3.7938641817308962 54.906757826425746 13.770388406934215 26.136816607206132 3.3338017086280152 15.584452425420748 7.6907187380711548 2.380093472544103 10.345553653425666 2.6096930332714683 29.615455715320426 31.027652925113216 2.5735319186933321 4.282343540340662 2.3190647391602397
leaf_count=2221 3165 467 80002 5594 318 614 22 107 196 12022 595 127 1251 1177 145 801 575 141 493 30 1305 75 199 120 61 129 634 85 365 532 23 326 131 89 44 259 301 251 61 254 233 94 149 254 147 1986 410 61 883 194 648 140 439 269 83 594 111 1351 307 34 49 79
internal_value=-0.000189224 0.00892093 -0.0183922 -0.00328923 0.0124779 -0.0020944 0.00746705 0.0170495 0.0275856 0.000485031 0.0181977 0.00540564 0.00743823 -0.0106195 -0.00613077 0.00847922 -0.00257003 0.01224 -0.0165294 0.0177523 0.0130897 -0.0226094 0.0154534 0.0129554 0.0240802 0.00908071 0.0286939 -0.0119715 0 0.0163449 -0.0291746 -0.00189229 -0.0388037 0.0206591 -0.0197811 0.00974626 0.0216214 -0.015038 -0.0333602 0.0114338 0.0146203 0.00991515 -0.00329707 0.00515845 0.0157235 0.011898 -0.0165392 -0.0135022 0.0197985 0.00781186 0.0251535 0.0106683 -0.00499626 -0.0256929 0.0356786 -0.0163173 -0.031213 -0.0249217 0.0288323 0.032406 0.0045146 -0.0211823
internal_weight=1376.31 917.407 458.906 100.817 693.718 223.689 332.737 360.981 29.5484 203.218 348.398 303.188 64.053 20.9085 63.2318 239.957 60.676 179.281 35.7364 129.045 53.1179 358.088 286.558 243.446 61.2067 182.239 56.8377 52.521 20.9982 43.1446 4.36903 50.2361 14.7382 10.7108 4.01099 27.7911 18.5837 15.5312 8.92155 166.708 137.345 116.635 29.3633 25.4851 20.4009 114.234 47.1149 9.20739 123.588 39.2102 84.3774 29.4706 25.4398 9.85539 25.5374 22.445 12.9552 32.7538 43.1119 40.2026 9.17494 4.8926
internal_count=123822 32970 90852 10775 15864 17106 9631 6233 345 13941 5766 9286 5181 3398 2207 7079 2365 4714 1564 2744 1919 80077 5171 4595 917 3678 833 1973 858 1783 84 1970 706 234 66 939 560 432 312 3246 2567 2313 679 530 401 2219 1846 379 2603 932 1671 788 738 299 279 1031 705 1436 576 469 162 113
is_linear=0
shrinkage=0.05


Tree=22
num_leaves=63
num_cat=0
split_feature=192 182 100 41 1 137 167 160 189 160 151 161 161 168 89 124 171 94 44 12 38 87 131 192 174 88 27 26 119 136 90 23 85 116 34 187 39 12 135 192 56 49 46 12 82 6 41 62 70 191 136 144 146 167 138 159 167 25 35 189 21 192
split_gain=82.5536 14.2742 10.7502 6.36146 5.65683 5.62533 5.38797 5.15709 4.98031 4.53891 3.79876 3.56797 3.56355 3.51993 5.08159 5.00774 5.77709 4.72703 3.54261 3.4948 3.21916 5.4355 4.2184 3.67885 3.6564 3.43722 3.24725 3.17648 3.16398 3.08939 3.88663 3.50541 3.0708 3.00719 3.25392 4.2561 3.02776 2.96329 2.94268 2.93402 2.85293 2.83947 2.83809 2.81967 2.74731 2.71004 2.67317 4.37437 5.64124 3.49587 2.94806 2.94067 2.9333 3.59962 3.51973 3.38423 4.43106 3.21919 4.98901 4.042 4.34738 4.12039
threshold=0.72408277404921717 7.1279860199999954 0.22500000000000003 0.91838132085930468 0.03865928546737412 0.61407495165511472 489180799.00000006 18.518286766342602 0.93478747203579438 38.353469453787859 0.5697698010254264 37.538420715008833 12.476684670443168 6820751.7750000013 0.54376994003610479 0.5733333333327203 85.820782657010525 0.41258754349753063 1.0328638497651645 0.058946131176472578 0.21851994391290433 -0.24166666666666664 1.0638752880407338 0.87124161073825512 -33.511188860855576 0.97988825331075102 0.041620501181690528 0.097472958125366535 0.15575245034261351 0.48135311196945607 0.63811207970917538 0.011853944876749926 -0.62499999999999989 0.65113582389727354 0.0053756542734188281 0.3670581655480985 -0.043519581231802586 0.09255811596925477 0.51516795793851211 0.99498881431767339 0.88568729890443942 0.98423593548167965 1.0979840509033021 0.91120063577761745 0.041666666666666678 0.049999999999997553 0.66730114728963541 0.47717855547881011 0.74853610682498672 0.15551454138702464 0.27045411705043354 0.39144208783206563 0.50145862620654869 24828383.400000002 0.46848730779174763 655.24017012125012 20765684.300000001 0.074064296619294215 0.44930841151051693 0.53344519015659964 0.94000202069029004 0.88127516778523496
decision_type=2 2 2 2 2 2 2 2 2 2 2 2 2 2 2 2 2 2 2 2 2 2 2 2 2 2 2 2 2 2 2 2 2 2 2 2 2 2 2 2 2 2 2 2 2 2 2 2 2 2 2 2 2 2 2 2 2 2 2 2 2 2
left_child=2 7 4 5 -1 10 41 -2 27 37 13 28 -8 18 19 16 20 45 40 44 21 22 -16 -23 -25 26 42 38 -10 31 -31 -7 -28 34 35 36 -20 -6 -9 -34 -3 -4 -22 -39 -15 -17 52 48 -48 -49 -51 -50 53 55 -54 -21 -57 58 59 -56 61 -61
right_child=1 3 6 -5 9 29 12 8 11 -11 -12 -13 -14 14 15 17 -18 -19 33 46 25 23 -24 24 -26 -27 32 -29 -30 30 -32 -33 39 -35 -36 -37 -38 43 -40 -41 -42 -43 -44 -45 -46 -47 47 49 51 50 -52 -53 54 -55 57 56 -58 -59 -60 60 -62 -63
leaf_value=-0.017078348124198162 -0.0263651000996965 -0.028718230663875924 -0.018716108157072444 0.034970646918056646 -0.036901105546849881 0.02322843596140288 0.04291918867663997 -0.0021487454206799493 -0.014564282927298767 -0.025556297856571503 -0.030160282307184483 0 -0.019983325503680597 -0.026987217100080563 -0.066931535166053491 0.021730682047458649 -0.042841010544016733 0.025056176859068913 -0.023550122436509467 0.018887032278482846 -0.04299299801466841 -0.032023895736645512 0.0045461407370726422 -0.024534934338392916 0.02205991239900431 -0.040061436154827247 -0.031638224678931945 0.0085901481574968668 0.038803285379665278 0.0090562077443437465 -0.019194889401589959 -0.036629871765394791 0.01653831435791921 -0.043824181222415909 0.020884790679006573 -0.036396612054083614 0.022179775893621131 0.028992434725660134 -0.018328154735979391 -0.02141766713318204 0.02132443036230517 -0.028966006898117538 0.016838731507338941 -0.018635008245070393 0.0099702136783955172 -0.0350124764624236 0.024438053113529336 -0.010776256928177337 0.014229756888929369 0.013330931020812429 0.036255901932201212 -0.071899859943260189 -0.048365677707798357 0.032623566455789975 -0.011118802642401076 -0.047818023591712777 0.023777152058258248 0.02110461502377552 -0.024475728679122816 0.026118185519750117 0.038729000003568506 -0.05318587062328814
leaf_weight=23.026902539058938 19.436663130254601 2.2700341036543277 285.09067440348372 28.515660234261304 1.1723430310375977 2.3215880537172771 4.6901651535881674 87.012310395428358 2.6130188740789917 5.2664611553773275 4.1288098474033168 17.541536015283782 2.8326235579443164 5.5856958414660793 4.7302881259529377 2.327017168281599 5.353065451301517 58.097988359979354 4.6986219355603653 21.33942123508314 4.0709818390823775 4.8813336799503331 2.8440329893783201 4.4091479111230027 18.220679956488311 2.372158008394762 2.7146011526347129 39.03648076870013 16.413273995625786 54.821614416050579 14.527822644529804 9.6062160153087444 101.83346889604582 4.0908702852902925 9.5204374121385609 9.5084485179977474 8.8326814929023421 28.555372772971172 41.368189065058687 4.4095853231847277 23.351064213551581 98.753053726122744 2.4039299394935369 2.65946724358946 20.137936674727825 4.9072856034617871 5.0931680258363468 4.4571457761339834 0.86524315178394351 20.044641719781794 75.656791941088159 2.4546182304620743 1.5526737263426174 43.017006207024679 10.8070162521326 4.168825341272167 2.8013751744292676 40.490414864616469 12.090072963561395 2.3895030603744116 14.449938980164005 2.1925835958682001
leaf_count=4218 2975 83 60684 282 85 83 143 6737 77 550 150 620 369 303 249 40 178 857 221 376 226 276 79 110 250 108 128 1544 196 1965 1073 523 2129 170 209 361 213 392 4957 90 439 24254 54 157 696 164 49 115 7 333 884 60 63 571 342 155 29 538 393 35 150 55
internal_value=-0.000111178 0.00853749 -0.0175661 0.0120941 0.00191371 0.011048 -0.0205964 -0.00241896 0 0.0137989 0.0127736 0.0164416 0.0190816 0.0131421 0.0145036 0.00873858 0.00383836 0.0202954 0.00179207 0.0188917 0.00577298 -0.00729133 -0.0421096 0.00326013 0.0121158 0.00973459 0.0111361 -0.0036916 0.030863 -0.00120169 0.00287817 -0.0236969 0.0132534 -0.00802035 -0.00220116 -0.0124206 0.00542852 0.020922 -0.00750226 0.0147313 0.0157906 -0.0214345 -0.0208295 0.0243269 0.00104852 -0.0157306 0.0206018 0.0267684 -0.00668642 0.0296663 0.0316935 -0.0501971 0.0161149 0.0235894 0.00950424 0.00904646 -0.0190431 0.0112211 0.00129094 0.0123482 0.0258131 -0.0136638
internal_weight=1364.83 912.785 452.047 689.364 60.6805 660.848 391.367 223.421 203.985 37.6536 579.571 36.5678 7.52279 575.442 513.17 223.576 158.243 65.3323 62.2722 289.594 152.89 35.0855 7.57432 27.5112 22.6298 117.805 115.433 167.417 19.0263 81.2772 69.3494 11.9278 108.958 36.6511 32.5602 23.0398 13.5313 32.3872 128.38 106.243 25.6211 383.844 6.47491 31.2148 25.7236 7.2343 263.87 108.572 8.41303 100.159 95.7014 3.31986 155.299 71.3266 83.9722 28.3096 6.9702 82.4195 41.9291 29.839 19.032 4.58209
internal_count=123822 32970 90852 15864 5402 15582 85450 17106 14131 1184 11938 893 512 11788 10092 4938 3877 1061 1696 5154 3699 964 328 636 360 2735 2627 13238 273 3644 3038 606 2347 1174 1004 795 434 634 11694 2219 522 84938 280 549 999 204 4155 1448 116 1332 1217 67 2707 1131 1576 560 184 1513 975 582 240 90
is_linear=0
shrinkage=0.05


Tree=23
num_leaves=63
num_cat=0
split_feature=192 182 115 41 137 1 189 168 100 138 160 151 89 168 124 72 177 38 33 150 135 171 191 151 142 189 174 142 177 26 141 192 192 132 51 46 27 151 181 174 142 161 171 82 188 165 19 57 93 114 188 110 82 131 189 24 95 37 166 148 1 100
split_gain=76.1102 12.5155 10.3017 5.56055 5.21048 4.86803 4.85554 4.12847 5.53819 4.01253 3.90661 3.57213 3.31107 4.83574 3.82764 3.36259 3.84481 3.39018 3.30312 3.30163 5.19728 3.30118 3.28911 4.21849 3.28447 4.02913 3.19831 2.93996 2.93013 2.9069 3.30942 2.90497 2.81704 2.72418 2.71768 3.58651 4.61575 3.08897 3.71628 3.21832 2.6496 3.20355 2.63374 2.56691 3.98074 2.5208 2.97211 2.48461 3.78989 3.20336 2.93333 2.88374 2.94377 2.87586 5.47743 3.0913 2.63678 2.69931 2.73955 2.77997 2.54996 2.46109
threshold=0.72408277404921717 7.1279860199999954 0.15514003018614617 0.91838132085930468 0.61407495165511472 0.03865928546737412 0.93478747203579438 316486763.65000004 0.57500000000000007 0.93891379632950112 38.353469453787859 0.5697698010254264 0.54376994003610479 6820751.7750000013 0.5733333333327203 0.9651856725650253 0.049502862931213275 0.82926130507813445 0.047166100609318438 0.43587862833622609 0.29951878944770977 85.820782657010525 0.70067114093959748 0.51024100747606804 1.0349196131273517 0.53344519015659964 -59.865720486220106 1.7806308028558131 0.060163454085934119 0.097472958125366535 1.2169342319699481 0.95151006711409403 0.35392419175027873 1.3855791422047126 0.862068965517238 1.2806354508011013 0.055884757895664654 0.51931908666875992 0.04067008273396245 -44.870647797850886 1.2698270547524533 1116.6112326355999 30.98959353254558 0.39166666666666677 0.9332218506131551 0.29854478091106756 0.9464651999446192 1.02463781941678 0.62107340993198656 0.38578680203041316 0.98330546265328878 0.22500000000000009 0.67500000000000016 1.0424820686916296 0.26043478260869574 0.02533647919956223 0.24069753001204117 -0.00032873578560350909 96649657.000000015 0.7596648469710372 0.10167981370889161 0.47500000000000003
decision_type=2 2 2 2 2 2 2 2 2 2 2 2 2 2 2 2 2 2 2 2 2 2 2 2 2 2 2 2 2 2 2 2 2 2 2 2 2 2 2 2 2 2 2 2 2 2 2 2 2 2 2 2 2 2 2 2 2 2 2 2 2 2
left_child=2 6 5 4 11 -1 29 27 -9 -8 45 12 13 22 21 17 -17 43 -15 -20 -21 24 31 -24 25 -14 -19 32 -27 30 -2 -3 -4 -22 37 36 -36 38 42 -39 41 -5 -6 -16 -45 -7 -47 50 49 -49 56 52 -52 54 -50 -56 -26 -58 -59 -60 -51 -31
right_child=1 3 7 40 34 10 9 8 -10 -11 -12 -13 14 18 15 16 -18 26 19 20 33 -23 23 -25 47 28 -28 -29 -30 61 -32 -33 -34 -35 35 -37 -38 39 -40 -41 -42 -43 -44 44 -46 46 -48 48 53 60 51 -53 -54 -55 55 -57 57 58 59 -61 -62 -63
leaf_value=-0.016178616045049134 -0.00067072485306129883 0.013972837305628814 -0.024263337845099483 0.022042921457371346 -0.022053458878032655 0.029683560598186699 0.027529557382125425 -0.021790530289166186 0.035996259990027216 -0.0039689840150029304 -0.022898353939858861 -0.031231863402599497 0.012270322086119801 0.019673369203106257 0.031453903937421493 -0.037996064360767412 0.017567182692835914 0.0197326811360037 -0.039548785240595172 0.022818848633016229 -0.05179237758019635 -0.031239790650583868 -0.045114830680372586 0.018671458583922541 -0.026577368347681509 -0.05217222720884912 -0.050798716104900381 -0.029329329454869053 0.012928414882953425 0.017672325532808904 -0.015959587244487049 -0.028849569302656992 -0.013860101499390745 0.021386030976730155 0.015130626820632929 0.014299408428308799 -0.030230878264172974 -0.015829053113967508 -0.026754895309072321 0.033237012652096054 0.041397622915029061 -0.046414781631241131 0.022757474968035804 0.03916534736286189 -0.012931552094696964 -0.023106009127420918 0.02196691824953181 0.0031006438588620194 0.037595121881611765 -0.063708259490211569 -0.048071824044587048 0.018246568630875426 0.020679101833658797 0.024724355106335937 0.0064332765444995808 -0.04209521290760157 0.036973599691052933 -0.0088435418993584886 0.017276069464023439 -0.025849650146040917 0.016921951953352908 -0.005965176107145493
leaf_weight=22.170442235248629 67.250953212911554 26.014517383882779 121.54578363090332 5.6743734991177943 3.4621236907223674 20.507799045182765 21.806347560021095 7.7918832824288966 6.820057921751868 17.322448211663868 5.580019461689516 3.7057359738973892 6.0833238058257839 265.69980465146364 43.002731821208727 4.6134023643098754 5.959023006958887 2.3459428418427706 3.3832139833830324 14.713231753557922 3.5091675948351613 5.4068668198233345 6.6046953593031485 3.1152325121220201 2.9900077309575854 6.424926379346287 2.1544216931797555 86.917622493325325 1.659850478172302 21.082719547906891 75.649598655458249 3.6277145926142103 161.64524564526437 1.0212244153954086 6.5478475190611816 9.6102136935369327 22.211064762104797 3.492660307063491 9.6894607574213278 13.997726471112399 21.442512562032789 1.2875520555535329 11.455898299231192 4.7073291094275183 9.1856044060550612 5.7296020807698351 6.9861515336669981 4.071309174410997 3.9617563080973985 4.6508531832369044 5.0840253005735558 3.6223654807545245 1.3394671175628898 10.7919032156351 4.6972426834108756 7.5133083696709946 11.720770321961025 12.895136417821048 75.137093842837203 2.9767587763490146 0.63871460873633612 20.794338618405163
leaf_count=3971 5487 707 31005 84 217 339 420 1491 318 693 626 150 175 4739 527 172 107 23 118 189 99 197 293 45 115 256 53 19941 25 682 8746 126 32843 9 369 333 1665 115 398 239 151 47 308 86 216 180 138 122 47 242 128 52 13 201 159 276 160 405 1588 110 8 1078
internal_value=-0.000107461 0.00819527 -0.0170104 0.0115515 0.0105661 0.00198192 -0.00203952 -0.0200308 0.00543898 0.013709 0.0126294 0.0122319 0.0125767 0.0158797 0.00806683 0.0176874 -0.00743464 0.0221433 0.0181172 -4.54882e-06 0.00831093 0.00392552 -0.000428254 -0.0243702 0.00527896 -0.0168823 -0.01622 -0.0210618 -0.0383044 -0.00545721 -0.00885385 0.00779845 -0.0184124 -0.0335084 -0.00128074 -0.0108148 -0.0195735 0.00734211 -0.00394166 0.0228424 0.0329887 0.0045148 0.0113117 0.0254919 0.0058292 0.0192372 0.00108903 0.00747285 -0.00375576 -0.0295874 0.011041 -0.0135571 -0.0322075 0.0057705 -0.00728963 -0.0239746 0.0135304 0.0149909 0.0117344 0.0152635 -0.0520347 0.00595297
internal_weight=1353.5 907.807 445.695 683.9 655.496 60.974 223.906 384.721 14.6119 39.1288 38.8036 575.029 571.323 327.689 243.634 71.9685 10.5724 61.396 288.327 22.6268 19.2436 171.666 39.3622 9.71993 166.259 14.1681 4.50036 370.109 8.08478 184.778 142.901 29.6422 283.191 4.53039 80.467 38.3691 28.7589 42.0979 24.6075 17.4904 28.4044 6.96193 14.918 56.8957 13.8929 33.2236 12.7158 152.091 36.3251 9.36088 115.766 10.0459 6.42349 26.9642 16.1723 12.2106 105.72 102.73 91.009 78.1139 5.28957 41.8771
internal_count=123822 32970 90852 15864 15582 5254 17106 85598 1809 1113 1283 11938 11788 6325 5463 1184 279 905 5154 415 297 4279 1171 338 4082 456 76 83789 281 15993 14233 833 63848 108 3644 2367 2034 1277 923 354 282 131 525 829 302 657 318 3626 1055 372 2571 193 141 683 482 435 2378 2263 2103 1698 250 1760
is_linear=0
shrinkage=0.05


Tree=24
num_leaves=63
num_cat=0
split_feature=192 182 115 192 71 1 160 167 41 167 167 41 91 140 160 102 54 170 30 1 134 160 35 42 161 29 39 185 178 1 167 47 77 91 16 88 190 143 12 150 163 77 171 71 177 134 134 167 136 144 29 25 25 7 32 178 1 2 34 177 151 29
split_gain=69.4334 12.1773 9.22537 5.96467 6.35345 5.13438 4.69286 4.18144 3.95348 3.91581 3.74405 4.5472 3.64137 3.62297 3.54941 3.42882 4.3195 6.25776 4.29606 3.11478 3.05028 3.04693 3.13068 2.96928 2.96645 2.87423 2.84552 2.80024 3.78382 2.78651 2.62154 2.47537 2.44741 3.21295 2.56003 2.40986 4.89592 4.27625 3.19864 4.44521 2.51229 6.79541 4.18588 5.38007 4.01189 3.83628 4.42706 3.9896 3.16897 3.78233 3.30404 3.08086 2.9355 2.91045 2.83217 3.13768 2.79692 2.7451 2.64124 2.7094 2.51131 2.42182
threshold=0.72408277404921717 7.1279860199999954 0.15514003018614617 0.8913087248322149 0.65060240963783478 0.03865928546737412 18.518286766342602 489180799.00000006 0.91838132085930468 91275186.400000021 5815024.3000000007 0.42558049405051751 -0.088158679281095997 1.1310366397494873 38.353469453787859 0.57500000000000007 1.0014287677148299 86.058817441385685 0.0179387421602521 0.054333340200143354 0.43520911658063871 1889.0023607273426 0.49201481106495482 -0.20749011269579326 12.476684670443168 0.84805428453741172 -0.036293182210119762 -12.458810640000079 0.029172899283791052 0.015384615384614423 42710076.300000004 1.0471548404415054 0.95833333333333337 0.45188438455137298 0.76953637049008627 0.91808166734611629 0.92809843400447434 0.56564260497976226 0.62632876092036727 0.54581898343555946 6.7166924444212279 0.79166666666666685 23.608537446267349 0.11914833522615616 0.025597193340901808 0.20987961641515371 0.33620273652279581 30009698.400000002 0.24444305291002374 0.64219967636259934 0.030965560101832764 0.10756189215902463 0.040099237568921441 -0.054665644029191503 0.31617718912840337 0.027868265250753362 0.042168674698795157 -0.41025641025638582 0.0082133221563025112 0.052686095878711509 0.51195607951930822 0.86032641290931866
decision_type=2 2 2 2 2 2 2 2 2 2 2 2 2 2 2 2 2 2 2 2 2 2 2 2 2 2 2 2 2 2 2 2 2 2 2 2 2 2 2 2 2 2 2 2 2 2 2 2 2 2 2 2 2 2 2 2 2 2 2 2 2 2
left_child=2 6 5 4 12 -1 -2 29 10 -8 11 31 -3 32 25 35 17 30 -19 -13 27 22 -18 -14 -9 -7 -11 28 -15 -4 -17 -5 33 34 -6 40 37 -37 39 -39 42 45 43 61 52 51 57 -48 49 50 -43 53 -44 -42 -45 -56 58 -47 60 -60 -50 -12
right_child=1 3 7 8 13 14 9 24 -10 26 15 19 23 20 -16 16 21 18 -20 -21 -22 -23 -24 -25 -26 -27 -28 -29 -30 -31 -32 -33 -34 -35 -36 36 -38 38 -40 -41 41 48 44 54 -46 46 47 -49 56 -51 -52 -53 -54 -55 55 -57 -58 -59 59 -61 -62 -63
leaf_value=-0.017143432707295424 -0.025494906161671018 0.011741191292960451 -0.028068329367167407 0.0011684033318290839 -0.028472577031556257 0.023940030388571822 -0.0040628219895490021 0.039181580032784588 0.033391295374952938 -0.010572846082738859 0.030948758110796438 -0.01119873584692797 0.028807287363645198 0.01214908914618776 -0.022146674950595704 -0.01772210050359244 -0.0062391724592735752 -0.066166819768946034 0.014712766887102387 0.028307142263959667 -0.021062707780083206 0.022981462260937498 -0.058904011978142767 -0.014206445424920318 -0.019265579275989569 -0.01922542647915557 0.017487604957501922 0.015658125454083852 -0.027771095853837763 -0.017422093917884917 0.034084673477990012 -0.050270277419714383 0.032137435451460097 -0.0078261043804779672 0.026323335105353257 0.014480028297565764 0.023469699060929376 -0.065266563487071702 0.0031636643881486522 0.02703780892818828 0.0059917974117088485 0.026545045179132955 0.020037231008214904 0.021116154331045724 0.028430283320550934 -0.022422842847679935 0.0032432216652186967 -0.054117489478000297 -0.034115832639995368 0.025214769106983139 -0.036184730500587112 0.0084967177012548589 -0.03327328188266461 -0.066896786743227174 0.023531228343072086 -0.03574957193796794 0.024846516933826626 0.024126354015684151 0.02458383549001877 -0.024580406249879058 0.0105200926148352 -0.014806942232126849
leaf_weight=21.750159123315825 18.78667169235996 20.960700507479487 85.963777402532287 3.2993571460247058 1.4419091746967776 29.773159228265285 151.79396945853296 4.3949820074485606 25.699412654154003 10.488445121241964 16.0765725793317 8.5622442726744357 3.2877586497925213 11.845035462407397 5.2846096309367558 2.0942660546861651 6.4424990601837617 2.68352744472213 2.2739878417924047 9.4202263262122852 9.8470023351328546 2.2626373420935115 4.8470692802220583 63.916689501838846 2.7118003115756437 3.5216348508838555 41.826316557115206 38.525490906788036 9.9850303161656466 285.73649974225555 15.418831641320137 5.4808526320848614 24.618523928744253 13.322645398555322 22.747427178837825 6.9022392793558565 14.348517568723762 6.2009801741223765 3.7275129705667496 0.92757334187626828 1.4510066262446342 1.8802272946340943 4.2188481655903143 3.3687969064340022 115.80538993163646 2.8818508698605028 6.6235059513710421 4.2206237079808488 5.2718659352976847 6.1052003679797044 7.6304635144770145 2.6945797437801957 4.0792799264308996 4.5782356862327998 1.9147659821901459 10.732182520092463 95.013209158485552 17.732880133204166 17.373315561446365 2.378649932856205 5.3787356719840318 2.6970639165956518
leaf_count=3971 2975 694 23213 60 54 546 11749 144 201 735 215 222 61 359 626 47 187 96 34 138 463 28 179 4398 372 111 1647 990 378 61869 168 192 335 378 461 130 219 234 70 4 20 16 67 53 1318 84 133 209 179 74 165 37 120 140 30 339 1174 247 230 69 99 66
internal_value=-4.4957e-05 0.00787278 -0.0163382 0.0111894 0.00436731 0.00172153 -0.00224556 -0.0192245 0.0144272 0 0.0132213 -0.00460651 -0.00595381 0.0112742 0.0126479 0.0144106 -0.000179213 0.0129624 -0.0319861 0.00963425 0.00332034 -0.021706 -0.0322103 -0.0116373 0.0166372 0.0188011 0.0116753 0.00765838 -0.00630795 -0.0199664 0.0269968 -0.0322867 0.0199873 0.0112561 0.0218578 0.0158327 0.00246898 -0.0145794 -0.03314 -0.050792 0.0170687 0.0128459 0.021743 0.00601229 0.0260295 -0.00509866 0.00314588 -0.0213441 0.0179938 -0.00280931 -0.0219619 -0.0326094 -0.00639194 -0.0502871 -0.0146088 -0.0253414 0.0206253 0.0166513 0.00690303 0.0175231 -0.0121766 0.0237061
internal_weight=1343.23 904.093 439.137 681.197 220.498 60.3296 222.895 378.807 460.699 204.109 435 26.7627 88.1651 132.333 38.5794 408.237 36.0228 22.4706 4.95752 17.9825 70.2026 13.5522 11.2896 67.2044 7.10678 33.2948 52.3148 60.3556 21.8301 371.7 17.5131 8.78021 62.1305 37.512 24.1893 372.214 32.1068 17.7583 10.8561 7.12855 340.107 181.214 158.893 34.7894 124.104 40.1827 31.4589 10.8441 141.032 15.6159 9.51069 8.72382 8.29813 6.02924 16.0157 12.6469 125.416 20.6147 30.4026 19.752 10.6506 18.7736
internal_count=123822 32970 90852 15864 8571 5254 17106 85598 7293 14131 7092 612 5153 3418 1283 6480 739 345 130 360 2190 394 366 4459 516 657 2382 1727 737 85082 215 252 1228 893 515 5741 657 438 308 238 5084 2876 2208 703 1505 870 673 342 2006 255 181 197 187 160 422 369 1751 331 577 299 278 281
is_linear=0
shrinkage=0.05


Tree=25
num_leaves=63
num_cat=0
split_feature=192 50 175 159 71 105 1 176 92 102 166 34 120 122 141 12 141 92 177 142 12 88 1 89 38 95 13 166 90 87 22 172 152 167 3 41 2 176 90 188 175 163 147 175 91 157 45 93 45 117 142 141 84 6 50 164 142 144 41 77 94 181
split_gain=69.3421 10.264 6.98213 8.59171 7.71246 6.39083 6.33211 4.7188 4.49642 4.30279 5.35684 4.78798 4.41832 4.28172 4.00517 5.24571 4.39614 3.91779 3.87547 6.6804 5.00411 3.94194 3.86145 3.48302 3.4331 3.39862 3.39773 3.39409 3.35697 3.26532 5.07369 4.28224 5.70615 3.33989 3.21717 3.19167 3.17758 3.15896 3.89275 3.75902 3.13477 3.09838 4.17843 3.09351 3.01459 2.99894 3.29546 7.00853 3.67029 3.1419 2.99571 2.98865 2.98496 2.90667 4.22116 3.1735 2.89102 2.83906 3.47709 2.82396 3.20501 2.82143
threshold=0.72408277404921717 0.83749672050701041 17.935907268619911 655.24017012125012 0.31958762886577202 0.37500000000000006 0.035175879396983988 780.21217264866402 0.83306300512738141 0.52500000000000013 3361017002.5000005 0.015494054004105343 0.25304136253041148 0.38756589357358823 1.2997070150059826 0.31878727458153666 1.1509993657006581 0.38460733545227654 0.044864497216507815 1.7393265949585899 0.29179889017204813 0.14791884624250121 0.03865928546737412 0.41490428295422649 0.3019378506180399 0.76154452868546263 0.90766206889594703 556219655.50000012 -0.095523503317781672 0.67500000000000016 0.68596941465174621 59.984641962853885 0.47859382000834388 183362304.20000002 0.03414769798420985 0.10385997208775931 0.28571428571411123 253.75033375612006 0.70296944134651207 0.89649386845039025 0.34047783647492175 139.69663335536907 0.51546891309659071 6.2294156354193468 0.60635424280720984 0.05139280036652407 1.0612901766693668 0.25047263214169596 1.0240469863188306 0.54991229369133643 1.5490157748882936 1.0294948426488173 -0.54999999999999993 0.20195491594497753 0.88368565176034075 1.274037437958236 1.6707312526560176 0.54310410328269465 0.61397438424576756 0.74166666666666681 -0.56082450310523846 0.067172772723547283
decision_type=2 2 2 2 2 2 2 2 2 2 2 2 2 2 2 2 2 2 2 2 2 2 2 2 2 2 2 2 2 2 2 2 2 2 2 2 2 2 2 2 2 2 2 2 2 2 2 2 2 2 2 2 2 2 2 2 2 2 2 2 2 2
left_child=5 9 6 17 7 8 52 -5 22 10 12 14 13 -2 15 25 -17 26 20 -20 45 -22 -1 -9 28 41 -4 -18 -6 -13 31 -31 -33 -32 -21 -16 -15 38 44 -39 -24 50 -43 -40 53 46 47 -14 -49 -50 -11 -46 -3 54 -8 -56 -7 58 -26 60 -28 -45
right_child=1 2 3 4 24 56 37 23 -10 11 -12 29 18 36 35 16 27 -19 19 34 21 -23 40 -25 57 -27 59 -29 -30 30 33 32 -34 -35 -36 -37 -38 39 43 -41 -42 42 -44 61 51 -47 -48 48 49 -51 -52 -53 -54 -55 55 -57 -58 -59 -60 -61 -62 -63
leaf_value=-0.017141373731841585 -0.028159242602787744 -0.025897205143023561 -0.031404759896584311 -0.010587062639172952 0.01242449954078946 -0.016938944220566288 -0.021125064969865586 0.031601934355009305 0.031701362591140779 0.027827941544635255 -0.030802478262169544 0.024067249086279455 -0.06547050216543622 0.027712050642909464 -0.021021391717143366 -0.036353385889956374 0.031441141237758673 0.0058121848989409215 0.028209370367502554 0.0051493535222363017 0.013018054125219223 -0.024169106708476645 0.010848875724664885 -0.0056877231984798875 -0.036128765918701206 -0.030618532865647918 -0.03163963645190223 -0.032928434444368937 -0.041769447077604764 0.036241816913712421 -0.063368411853845508 -0.051858504053905789 0.017836255510691901 0.0023022424121387653 -0.042570769289413876 0.031360970045790706 -0.019314476375140156 -0.023072198219699195 -0.026473259737894834 0.015283695049087477 -0.016061526421115985 -0.065149281487700911 0.022335273993622493 -0.014627964610237862 -0.02289382724554212 0.031592367944018755 0.020101250913757321 0.024183933774482209 0.004237417470324612 -0.046380962523447145 -0.015117487303603275 0.028633388757805519 -0.0065630951213547983 0.015030718529505487 -0.0040736447881599639 0.021007907530400285 -0.027752079034611962 0.015582450514838484 0.0027582600512448593 0.002208327832935706 0.037565093996982289 0.032556432828677546
leaf_weight=59.536624314310757 13.089670962712264 26.552394307611394 1.4019992863759387 12.99739084669636 2.9142442500451606 225.68541256345634 18.092257437820081 27.763771883415757 6.3056715325801624 57.190436049713753 7.3602438340894869 9.9019881773856451 3.1056932673091096 8.6693152585066837 2.2377024705056092 7.7119002100080234 6.0640987029764801 27.57905982230659 65.085084713296965 16.627649812493477 10.052348360244652 19.130734838847275 31.588062437775079 7.3787502732593557 9.1133445642190072 2.2637205978389821 0.9316728301346292 1.9034539042040703 13.393998763320267 6.2992265023058343 4.5141865343321106 4.2054767496883851 5.7772822272963822 2.6594705905299634 3.4000199527945361 84.107366628712043 4.7202647749800226 20.108330526098147 14.10739641528926 8.1847763650002872 15.155002843093824 1.4499363090144464 2.1617413142230362 5.7061520253773761 2.287444866262379 16.001598853501491 23.53036996681476 11.603548137471082 7.9332033129176107 3.711070079356432 3.597269788850098 26.091148291510763 81.026098499674845 46.340742989006685 29.056341869869357 20.621046631800709 94.153458319091442 11.222263377654597 12.523978108074514 7.7946065724245264 48.351782269273826 4.97690185951069
leaf_count=12777 420 3101 36 513 66 52636 717 527 306 693 359 185 168 149 106 283 67 962 961 612 350 915 969 333 585 63 62 87 854 67 156 121 71 77 146 1208 155 965 1149 166 1997 46 21 267 157 245 466 211 200 123 114 835 7385 1717 1560 563 22269 320 396 182 684 93
internal_value=-0.000161619 0.00772104 0.00276769 0.0104455 0.00018228 -0.0166062 -0.00187901 0.014309 -0.00622449 0.0134806 0.00843537 0.0187324 0.00999851 -0.00870773 0.0221388 0.0138667 -0.0114038 0.0218573 0.012808 0.0205275 0.00570323 -0.0111871 -0.0087958 0.0236933 -0.013559 0.0199651 0.0291152 0.0135485 -0.0316379 0.0012181 -0.0088131 0.00668154 -0.0131176 -0.0411077 -0.00435337 0.0297211 0.010596 0.00346118 0.00610301 -0.0116628 0.00186561 0.0222606 -0.0182132 -0.0117661 0.00930708 0.0133147 0.0068478 -0.00510533 0.00512018 -0.0138917 0.0250021 0.023672 -0.0115757 0.00551657 -0.00104045 0.00644812 -0.0202143 -0.00376931 -0.014272 0.031203 0.0355542 0.00783094
internal_weight=1335.01 902.584 486.518 183.367 97.3077 432.424 303.151 48.1399 112.585 416.066 214.021 202.045 206.661 26.4793 168.688 82.3426 15.6795 86.0591 180.181 85.1128 95.0686 29.1831 106.28 35.1425 49.1678 66.6631 58.4801 7.96755 16.3082 33.3576 23.4556 16.282 9.98276 7.17366 20.0277 86.3451 13.3896 195.573 167.279 28.2931 46.7431 64.3994 3.61168 24.7905 142.489 65.8855 49.8839 26.3535 23.2478 11.6443 60.7877 28.3786 107.578 114.11 67.7696 49.6774 319.839 32.8596 21.6373 57.0781 49.2835 10.6831
internal_count=123994 33040 24195 5520 3594 90954 18675 1373 16049 8845 5480 3365 5121 724 2688 1374 437 1926 4397 1719 2678 1265 15743 860 2221 937 964 154 920 677 492 259 192 233 758 1314 304 8189 7058 1131 2966 874 67 1509 5549 1413 1168 702 534 323 807 992 10486 4557 2840 2123 74905 1301 981 928 746 360
is_linear=0
shrinkage=0.05


Tree=26
num_leaves=63
num_cat=0
split_feature=192 50 175 159 71 192 168 176 71 159 90 105 167 176 92 38 166 177 50 132 190 160 48 89 87 134 26 56 189 174 31 161 53 89 32 139 136 115 134 165 93 189 170 163 91 94 29 12 144 156 15 125 163 35 111 4 21 21 140 187 13 147
split_gain=64.2744 9.40483 6.82694 6.76269 5.91221 5.78263 5.10798 4.99795 5.91954 5.03798 4.3644 4.0531 4.0533 4.04275 3.72742 3.69616 4.14957 4.12898 5.5295 4.44879 4.855 4.21734 4.11993 3.96009 3.7076 3.49897 3.31507 3.30717 3.41461 3.76105 3.29565 3.27904 3.27256 3.25175 3.19929 3.19218 3.18672 3.18832 3.06708 3.63434 4.19456 3.05745 3.02584 3.84075 4.87719 2.99506 2.91632 2.88546 2.86751 3.43374 2.85814 2.82597 2.81663 2.80931 3.86632 2.81106 2.76386 3.18195 2.74912 2.6469 2.64182 2.61751
threshold=0.72408277404921717 0.83749672050701041 17.935907268619911 655.24017012125012 0.31958762886577202 0.35392419175027873 341662165.55000007 259.86096800145543 0.62280695649244378 26.894231688749997 0.67458371710978593 0.37500000000000006 423194200.90000004 780.21217264866402 0.38460733545227654 0.84899760919925626 851206003.50000012 0.049502862931213275 0.6776655707176088 0.79885620434194993 0.73077181208053699 522.64534439523402 0.87467731036018936 0.79479831214981844 0.47500000000000003 0.15693048139109331 0.050072358763576005 1.2798739167326614 0.52006711409395978 -13.447921114045057 0.015203925720547481 80.446948635302689 1.0261952274379753 0.91523896025506268 0.23063549901983485 1.2897809871476249 0.27233779027382066 0.68394210318784576 0.20349548183626237 0.37600460386160101 0.60436567267578856 0.90803131991051467 90.600066247623303 4.911539823763186 0.6939420802572065 0.49611727931382249 0.35494420681051031 0.047215919446840317 0.54310410328269465 -0.031767515660438221 0.94632897942258698 -0.087058057708331499 -8.7490228589589929 0.82304359410517514 0.18333333333333335 0.38095238095212819 1.036363818355299 1.156646795835589 1.4541849515782612 0.90954748490494042 0.90766206889594703 0.58559782083388345
decision_type=2 2 2 2 2 2 2 2 2 2 2 2 2 2 2 2 2 2 2 2 2 2 2 2 2 2 2 2 2 2 2 2 2 2 2 2 2 2 2 2 2 2 2 2 2 2 2 2 2 2 2 2 2 2 2 2 2 2 2 2 2 2
left_child=5 6 7 14 13 -1 15 9 47 -3 27 12 -7 -5 60 17 24 18 23 20 31 42 -23 25 34 -2 33 28 51 -30 -12 -20 61 41 -17 -15 45 -38 -19 53 -41 -22 43 -21 -45 -18 -47 -9 49 -6 -33 52 -11 55 -55 -40 -16 -58 -57 -26 -4 -28
right_child=1 2 3 4 48 11 -8 8 -10 10 30 -13 -14 35 56 16 36 38 19 21 26 22 -24 -25 59 -27 32 -29 29 -31 -32 50 -34 -35 -36 -37 37 -39 39 40 -42 -43 -44 44 -46 46 -48 -49 -50 -51 -52 -53 -54 54 -56 58 57 -59 -60 -61 -62 -63
leaf_value=-0.023551574068068626 0.0080599769482125536 -0.019732932079790842 -0.029305528309731405 -0.010323067056790937 0 -0.0050126763212928454 -0.029342140204208486 0.010040899078847604 0.0031116205979952708 -0.043978953486270338 -0.016430587789461062 -0.015535409873826228 0.040100075667584868 0.027551472414556927 0.013031759152688924 0.016192491493844528 0.026966814811756775 0.032796878911305269 -0.030872036884507889 0.0023306799123333226 0.0096176028083487866 -0.040611252081941759 0.016694172811101519 0.015298882121026786 0.028349661681709749 -0.067419312759199351 0.027218100022842109 0.036001552490591872 -0.031924534475659065 0.013159866445118691 0.028671598747120244 0.019516075482401772 -0.011795988090908942 0.029141987247645253 -0.053299171176746443 -0.014538032864266729 -0.0040960692903411521 0.039825797193059842 0.026629613719985668 -0.051214225618057434 0.0069368460080031589 -0.045990923720503202 0.024505182213394101 -0.044821645311558078 0.0084446340063855912 0.019574030047959393 -0.044777567399194335 -0.034915434950530552 0.0053357253723926188 -0.033475556749148754 -0.021854487256396854 -0.017420851695810903 0.0063499469789236214 0.013087887944480651 -0.059185106053149333 0.017725198047490027 -0.0449136429171079 0.02344905527416365 -0.017875958821350676 -0.0092965647461232762 0.029032008155120033 -0.026492938364585723
leaf_weight=158.78168275863027 1.6741635832004229 24.647465541987913 1.1529856994748104 12.344810603219228 13.264737740249986 80.514629781984695 6.0026183979935004 3.4522203668602769 23.935071785334003 1.9335216537583608 34.685839482670417 183.84827657843016 4.2933122438844284 31.088329549704213 21.915898175891929 1.9390116268768931 6.6840405145194364 28.791112821782008 7.3146063816966516 14.218793090742109 3.7760828324826416 2.4708084140438578 32.062617117888294 2.8634710903279483 12.541926471400076 4.7554641251917928 76.425968867144547 8.3424593028612417 3.8577216328121713 98.621772251692164 3.5786792759317896 12.509065188642127 5.4920736133353776 3.76906864484772 3.3172905042301863 4.4349837645422658 4.1340512088499954 43.625124091748148 53.103075586666819 3.2852327367290846 10.196851507760583 4.4456781779881567 3.9566758297150946 14.843202739546543 5.3102983757853499 2.1281196610070765 3.2260181372985244 27.232976596067601 16.411735141649842 18.02497189798305 5.0155932882335028 22.22141953954997 48.984116663967143 4.4694478944875291 1.8062751041725276 13.671641393564643 4.0238068808102971 1.7078373597469179 7.5524949218961401 6.2657488468103102 58.491367104514211 1.4851344234775741
leaf_count=41997 30 3448 36 513 592 9505 337 213 812 117 2821 39349 103 674 674 35 84 351 655 543 102 64 479 68 194 207 1173 130 141 4184 96 389 197 56 124 186 96 385 918 103 212 170 76 495 135 26 73 2038 544 1085 213 1826 2849 75 68 267 261 27 273 122 928 50
internal_value=-1.05803e-05 0.00757049 0.0028144 0.0104127 0.00112818 -0.015956 0.0130876 -0.00179679 -0.0153447 0.0012303 0.00365575 -0.0113776 -0.00222991 0.0134506 0.0203932 0.0137923 0.0232056 0.0112863 0.006803 0.00868655 0.014558 -0.00100046 0.0114258 -0.0288901 0.00514062 -0.0486533 0.019653 0.00687236 0.00526431 0.0111223 -0.0114623 -0.00481874 0.0231623 -0.00427511 -0.0283743 0.0219056 0.0301891 0.0359153 0.0185159 0.0137942 -0.00944574 -0.0216355 -0.0123292 -0.0172836 -0.0308143 0.00607548 -0.0193576 -0.0295426 -0.0111569 -0.0198597 0.00686524 -0.00291552 0.0035322 0.0178108 -0.012302 0.0205492 0.00476457 -0.0233437 0.00459742 0.0157193 0.0273572 0.0258081
internal_weight=1326.92 899.484 484.355 182.861 95.5696 427.438 415.129 301.493 54.6203 246.873 222.226 268.656 84.8079 47.8681 87.2919 409.126 83.8613 325.265 202.389 193.096 120.233 72.8624 34.5334 9.2931 24.064 6.42963 95.394 183.961 175.619 102.479 38.2645 24.8393 83.4032 11.9908 5.2563 35.5233 59.7974 47.7592 122.876 94.085 13.4821 8.22176 38.329 34.3723 20.1535 12.0382 5.35414 30.6852 47.7014 31.2897 17.5247 73.1391 50.9176 80.6029 6.27572 74.3272 27.6475 5.73164 21.2241 18.8077 59.6444 77.9111
internal_count=123994 33040 24195 5520 3594 90954 8845 18675 3063 15612 12164 48957 9608 1373 1926 8508 1139 7369 5102 4797 3005 1792 543 305 475 237 1748 9247 9117 4325 2917 1257 1420 328 159 860 664 481 2267 1916 315 272 1249 1173 630 183 99 2251 2221 1677 602 4792 2966 1601 143 1458 962 288 540 316 964 1223
is_linear=0
shrinkage=0.05


Tree=27
num_leaves=63
num_cat=0
split_feature=192 50 135 152 192 175 26 168 45 140 102 178 65 96 117 56 93 142 57 142 26 89 94 12 160 176 176 61 144 34 146 26 90 31 135 177 5 91 16 115 150 7 139 96 136 167 110 111 192 112 7 140 58 168 176 178 141 27 32 95 97 21
split_gain=58.964 8.99266 6.15847 7.28093 5.36233 5.23802 4.9454 4.43967 3.94161 3.7942 3.364 4.15219 5.36957 4.75259 4.8857 4.3624 3.78328 3.61225 3.53302 3.66975 3.45949 3.35612 3.34843 3.23509 3.12426 3.07809 3.01947 5.62384 4.49654 2.99076 3.35868 4.31304 2.87941 2.98342 2.81354 2.79624 5.27239 2.96737 2.90364 2.80808 2.73964 2.72245 2.71554 3.58404 2.63047 2.6252 2.7611 2.61029 2.60491 3.30559 2.58227 2.56853 2.5228 2.51501 2.50097 2.49778 2.49016 3.15787 3.38693 2.78992 2.43302 2.40328
threshold=0.72408277404921717 0.83749672050701041 0.50511684072819396 0.49099378973200797 0.35392419175027873 17.935907268619911 0.099715696898736259 372750602.95000005 1.067901688519912 1.1439075621225523 0.52500000000000013 0.048534001796764766 0.61250000000000016 0.20552223582815241 0.55524795556792716 0.9978183404727774 0.8871107799047141 1.809928165433176 0.87935639650819808 1.4403290817320349 0.099715696898736259 -0.076294796966630204 0.87502519354177222 0.98816232413230509 581.19227919303432 259.86096800145543 659.51429342250788 0.98700709836292388 0.5486181653930895 0.015494054004105343 0.49638867807236592 0.054887324712513848 0.59845880491817505 0.012049539623562153 0.24593511138081528 0.046990693374488864 0.01249627876049786 0.55455390831913454 0.90875299176145774 0.49182632090025125 0.54979520625610856 -0.025824507454398408 0.96919216056093971 0.37550191281104911 0.61815400200902992 423194200.90000004 0.22500000000000009 -0.033333333333333347 0.96154362416107386 0.14166666666666669 0.097715196310878313 1.5974638226025772 0.96628035703852622 19737874.300000004 21.871604722797645 0.022586026757752311 1.2075741660720005 0.079075968018248469 0.54623367490694941 0.35568335635407289 0.33590395888019553 0.92704801017775285
decision_type=2 2 2 2 2 2 2 2 2 2 2 2 2 2 2 2 2 2 2 2 2 2 2 2 2 2 2 2 2 2 2 2 2 2 2 2 2 2 2 2 2 2 2 2 2 2 2 2 2 2 2 2 2 2 2 2 2 2 2 2 2 2
left_child=4 7 3 35 -1 25 8 10 61 -6 11 12 44 16 15 20 -14 40 19 24 -15 -20 29 -10 -16 32 34 28 60 30 31 -12 -5 -34 -7 37 38 39 -37 -3 -13 -21 48 -44 -2 -11 -47 -19 -31 -50 -23 -49 -29 -30 -32 -41 57 -33 59 -59 -28 -4
right_child=1 2 6 5 9 26 -8 -9 23 45 22 17 13 14 18 -17 -18 47 21 41 -22 50 -24 -25 -26 -27 27 52 53 42 54 56 33 -35 -36 36 -38 -39 -40 55 -42 -43 43 -45 -46 46 -48 51 49 -51 -52 -53 -54 -55 -56 -57 -58 58 -60 -61 -62 -63
leaf_value=-0.022708645188929441 0.03847009264906126 -0.0020312467522207861 -0.026698934617476827 0.01232410958503119 -0.0054289820221733488 -0.0051018786393665187 0.013281955276019983 -0.032818324450906898 -0.021351420106513714 -0.019054020098639282 -0.049835702150341908 0.026635057255315488 -0.035648968967200809 0.022480332264945405 0.033260139556229133 -0.029884748864886325 0.018784970907395157 -0.028774100001953792 0.022842877932023772 0.021270008507540933 -0.032580729085977297 -0.034626648253231675 -0.013967624059368064 0.0099383996297234527 -0.027963856949173346 -0.011857825605434351 -0.046252028435357882 -0.014727439096807 -0.027041992939362255 -0.011713133089111333 -0.025031204999817903 0.037910214133942362 -0.019496011264287138 0.02867800762344748 0.034114002393721359 0.0068349601636165328 0.030648048832818877 0.0048947256930153248 -0.044961273236162454 0.0096260755116903129 -0.027232050984232693 -0.025145892678368253 -0.065891639751357853 0 -0.020318246649363152 -0.029287436733810509 0.038266212812895231 -0.012538012832419213 0.042980195918192479 -0.0029216746449147214 0.02344790367282544 0.022843084370171098 0.029861832563605625 0.034272784872930305 0.026306757054990554 -0.025851079644583965 0.026017364103682716 0.031410189596981913 -0.049454114807128469 -0.025079485238778516 -0.0045129306859593623 0.012280961577758341
leaf_weight=156.11209932002384 12.663564291317014 40.146267243064358 3.8129358674850691 82.344589495889522 147.31829790415213 4.6344389368314287 23.204667748883367 4.3003998692147425 65.705071351429069 114.92223195931183 2.0880867483792853 54.259626257582568 13.551655262825081 43.659485125390347 10.936359937535601 4.0471132243983439 3.2726886547170571 4.6248100188677226 2.7570556642021975 3.4141141551081082 2.1122868130914858 17.840110742414261 7.0272056066896758 8.6032598104211484 1.6395411537960161 21.90088496444514 5.7335734037151296 2.8066374033223864 1.2656408170005295 5.6621246994473102 1.5703720563033119 2.520252208691093 14.216029535731652 3.0708283672865937 39.879236480570398 5.585545167326929 14.483250206336377 40.571477808844065 3.6767841656692326 5.0330554426764129 1.5979397743940342 10.277799430768935 1.6451307805255044 8.9295931316446495 1.4548513069748867 1.3654363941241161 3.3312551084673032 7.273188078193928 9.1747563006356341 5.8716256610350674 1.3313993304036547 12.472928850213064 27.60103628016077 6.3321424007881433 129.04891524161212 33.705312818608945 14.315567669225855 3.6555219432339054 3.6042488145176321 3.0922754799248651 8.389231423760064 20.656627424174076
leaf_count=41997 234 1854 255 3868 23720 135 698 298 6484 24946 91 752 713 915 121 167 85 222 52 76 77 674 184 695 36 1102 253 63 67 161 128 22 1047 73 565 146 194 1883 165 289 46 381 51 211 95 241 50 347 78 121 15 298 568 123 1763 1853 178 50 115 88 358 1457
internal_value=3.97537e-05 0.00731295 0.00266526 0.00594906 -0.0153174 0.0116835 -0.0069917 0.0127379 -0.0118898 -0.0109076 0.0133102 0.00877264 0.00312107 -0.000519267 0.00372001 0.0145955 -0.0243201 0.0176451 -0.00748816 0.00471219 0.0191902 -0.0218889 0.018006 -0.0175785 0.0234381 0.00465742 0.0203298 0.0116553 -0.0074289 0.0192739 0.0220376 0.00624016 0.00841923 -0.00956472 0.0298989 -0.00277336 0.012498 -0.00592907 -0.0156166 -0.0115501 0.0245543 -0.0125717 0.00474765 -0.0147677 0.0311382 -0.0175124 0.0160555 0.00126858 0.0151647 0.0256903 -0.0293832 0.00959379 0.0252492 0.0215201 0.0254661 -0.0209897 0.0123395 -0.00329051 -0.0162174 0.00498189 -0.0237267 0.00520087
internal_weight=1318.1 895.051 483.359 361.376 423.049 218.174 121.983 411.693 98.7779 266.937 407.392 209.187 128.958 114.84 98.0153 49.8189 16.8243 80.2285 48.1964 26.2678 45.7718 21.9286 198.206 74.3083 12.5759 121.532 96.6419 52.1283 21.7206 191.178 159.895 29.276 99.6314 17.2869 44.5137 143.202 23.7456 119.456 9.26233 78.8846 55.8576 13.6919 31.2832 10.5747 14.1184 119.619 4.69669 24.3709 20.7085 15.0464 19.1715 19.7461 30.4077 7.59778 130.619 38.7384 27.1879 12.8723 10.352 6.7478 14.1228 24.4696
internal_count=123994 33040 24195 14606 90954 8222 9589 8845 8891 48957 8547 5306 3641 3312 2514 1159 798 1665 1355 614 992 741 3241 7179 157 6090 2132 1432 801 3057 2435 544 4988 1120 700 6384 505 5879 311 3996 798 457 622 262 329 25237 291 867 360 199 689 645 631 190 1891 2142 453 275 253 138 611 1712
is_linear=0
shrinkage=0.05


Tree=28
num_leaves=63
num_cat=0
split_feature=192 50 169 192 185 92 157 139 25 178 168 89 94 175 105 187 160 72 46 89 95 89 5 109 89 142 82 92 27 40 41 168 41 79 41 117 190 12 192 138 26 12 47 35 185 58 39 92 97 96 142 161 183 171 122 139 90 46 4 145 97 42
split_gain=54.1439 8.01973 5.85738 4.98251 4.89363 3.64776 3.83709 3.74675 3.87183 3.62572 3.47219 3.36999 4.16869 3.29908 3.28825 3.44217 3.74852 3.20246 3.11759 3.06233 3.05228 4.6406 4.44969 3.79405 3.026 3.63521 3.73398 6.0703 3.19269 3.1621 3.1606 3.12082 3.30829 3.048 3.13925 5.39722 3.34573 3.38589 2.9625 5.03813 3.31191 3.87214 3.02577 2.93579 2.87653 2.84813 2.69849 2.62651 2.61116 2.52738 2.51749 2.38755 2.37892 2.33028 2.324 2.31561 2.2712 2.27105 2.24637 2.24267 2.20678 2.16963
threshold=0.72408277404921717 0.83749672050701041 0.65764817343927884 0.35392419175027873 -1.2224942100000005 0.25412902564442369 -0.010445314036006558 1.219962307238126 0.032459924578198233 0.030889237425707771 372750602.95000005 0.072128920563840113 0.26395189949635306 38.453783781966429 0.37500000000000006 0.79564431774819877 14.132908867484964 0.61368701204780629 1.0497113991104177 0.62744466040354385 0.069497350823486501 0.41955601763770656 0.027605873619350726 0.15000000000000005 0.88386003093423604 2.4416903578673792 0.22500000000000003 0.84561871507550845 0.048373590844784341 -0.00035841166940518758 0.82107945439761609 119373716.60000001 0.76947230175716463 0.15000000000000005 0.85771126872674452 0.62347443449538387 0.82441834451901574 0.073150749505458176 0.97492170022371372 0.96305304319302187 0.04932430117359262 0.096128060626833725 1.2646724266601665 0.86544660342070423 -3.1910719449999898 0.92056160048062841 -0.041722653748670693 0.83306300512738141 0.57809341739230735 0.2495727692869513 1.4865199965067899 2331.852610642909 6.8575793999999926 84.711241874439068 0.39674107722070079 1.452258524453333 0.50040121007110561 1.0025252525252217 0.73569855254867755 0.49503349467715413 0.40739618324295718 0.088098784799354679
decision_type=2 2 2 2 2 2 2 2 2 2 2 2 2 2 2 2 2 2 2 2 2 2 2 2 2 2 2 2 2 2 2 2 2 2 2 2 2 2 2 2 2 2 2 2 2 2 2 2 2 2 2 2 2 2 2 2 2 2 2 2 2 2
left_child=3 10 17 -1 5 7 9 38 -9 18 20 -8 -13 -14 15 -5 45 -3 -7 -10 22 57 23 -2 25 26 27 31 -28 -26 43 33 60 34 35 56 -37 -38 40 44 41 42 -4 46 -40 -17 47 -30 -27 52 -16 -15 -43 61 -35 -11 -23 -22 -59 -41 -33 -31
right_child=1 2 4 14 -6 6 11 8 19 55 -12 12 13 51 50 16 -18 -19 -20 -21 21 24 -24 -25 29 48 28 -29 30 53 -32 32 -34 54 -36 36 37 -39 39 59 -42 49 -44 -45 -46 -47 -48 -49 -50 -51 -52 -53 -54 -55 -56 -57 -58 58 -60 -61 -62 -63
leaf_value=-0.021869092130853401 0.0085964120277279617 -0.027606028977187381 -0.040678497470578966 -0.009723070377373192 -0.0048226585703024525 0.023477295803284157 0.013214634166745461 0.018392471515970628 -0.0028181129406919091 0.030597014412654885 -0.030240955264796907 -0.031556030012739843 0.0006470357440061204 -0.049225935115122577 -0.0088078494472778653 -0.030488242439483688 -0.0081037569861457173 0.0023483897868257142 -0.010608807710439913 -0.044093102819591341 0.041308484685817617 -0.016571671022626452 0.037999869174658266 -0.031741082067563806 -0.0096444291062963948 -0.042485097007928491 -0.032351847398723085 -0.061017072934656393 -0.030530788506457119 0.0048267674253193345 -0.040420038774398592 0.014586098038180615 0.035644464106163107 -0.022719726978232269 0.026421830616397947 0.012617842660248109 0.0052498688035193921 -0.059099225806484905 -0.055383890198037605 -0.015449937296178554 0.025769007294492104 0.033397402560855674 0.023092531459512716 -0.017530806397295245 0.0081982573201050662 0.032181430791695644 0.025344635984553294 0.020154878381583599 0.010635196287911125 0 -0.020958616872225132 0.011188134280228045 -0.031174536347626187 0.001388364507599861 0.0080451762790160995 -0.017748634259043321 0.020432118585775587 0.01959563493071895 -0.018007420143874322 0.037298128409245283 -0.034766906152011882 0.040586305317861747
leaf_weight=153.35504585768649 9.9645396000705713 22.404282385876286 5.4300747973029493 54.024535003762139 109.15252138632786 8.9277401322069654 23.502802856877679 16.751783194096788 23.122501017060134 23.589209312369352 3.7664001535158596 14.232641291222533 68.777199324009416 4.9524146511357676 102.13286804987365 1.1614764523692489 13.477937547701002 13.714704933227038 19.655162555820425 4.7291852812850257 12.368454670533536 4.309505691984671 4.1914904532022765 11.562109614023937 6.231063591054407 5.3412865221034718 2.3329479645472011 2.7409570186864576 3.9059046186157484 5.9678412829525795 1.3077941688243289 4.7664047945290831 12.605409757117739 19.735484755365182 13.319970506709067 3.2025503967888644 2.429478857200591 6.3613036024617031 4.1593369118636474 2.1198212446179241 73.226433637304581 14.823804596555419 1.756590040575247 4.1782267099479204 2.174076419672927 15.737592493533155 63.83639003926146 4.2947462017182261 2.9155880883336067 14.654651353397638 78.659682712564972 1.6469236928969619 0.71160318952752355 7.5142099419608703 7.8277914137579492 1.9708338722703036 18.456930745043792 134.81796489082626 3.209719482343643 5.390728710219264 2.7025923870969564 21.95595748280175
leaf_count=41997 271 2637 420 6979 8560 280 797 542 913 491 298 856 2851 348 21793 65 1893 862 1368 262 119 140 48 519 211 307 113 127 201 186 45 111 156 576 152 84 46 210 111 49 1543 405 62 114 45 671 1151 122 72 523 17556 75 41 197 141 105 346 2291 91 49 123 277
internal_value=0.000139704 0.00711918 0.00272636 -0.0146661 0.00431669 0.00730332 0.00201148 0.0124669 0 0.0128498 0.0122711 -0.00319981 -0.00765852 -0.00272663 -0.0104154 -0.00216147 0.0110085 -0.0163405 0.000302534 -0.0112852 0.012753 0.0138862 -0.0036381 -0.0132944 0.00928651 0.00645851 0.00802612 0.00141664 0.0159951 0.0213834 0.0179072 0.00386858 0.0208945 -0.000798253 0.0067014 -0.00124321 -0.027246 -0.0420848 0.0168924 -0.00434932 0.0196112 0.00705965 -0.0235638 0.0194833 -0.0347345 0.0261321 0.0219093 -0.00413733 -0.024065 0.0150316 -0.0142081 -0.0340028 0.0284308 0.0270912 -0.0138319 0.0261531 0.0128147 0.0207262 0.018562 0.0217567 -0.00467804 0.0335478
internal_weight=1308.25 889.698 481.577 418.549 445.458 336.306 167.255 169.051 44.6035 54.1429 408.121 113.112 89.6092 75.3765 265.194 84.4015 30.377 36.119 28.5829 27.8517 404.355 378.636 25.7181 21.5266 228.24 186.571 178.314 98.4584 79.856 41.6691 77.5231 95.7174 20.0744 75.643 48.0797 34.7598 11.9933 8.79078 124.447 13.844 110.603 37.3767 7.18666 76.2153 6.33341 16.8991 72.037 8.20065 8.25687 30.1901 180.793 6.59934 15.5354 35.438 27.5633 25.56 22.7664 150.396 138.028 7.51055 7.469 27.9238
internal_count=123994 33040 24195 90954 20696 12136 7171 4965 1717 2244 8845 4927 4130 3274 48957 9608 2629 3499 1648 1175 8547 7709 838 790 5208 4337 3958 2212 1746 871 1633 2085 390 1695 978 826 340 256 3248 254 2994 1451 482 1588 156 736 1474 323 379 969 39349 423 446 660 717 596 486 2501 2382 98 234 463
is_linear=0
shrinkage=0.05


Tree=29
num_leaves=63
num_cat=0
split_feature=192 50 135 192 192 25 140 142 38 72 175 66 159 177 129 142 176 28 41 28 39 188 41 177 140 142 175 89 138 93 40 92 78 116 90 89 167 89 58 168 89 96 25 32 136 82 38 40 24 96 27 61 140 45 95 47 8 50 27 134 25 27
split_gain=48.4 7.43457 5.14056 4.77183 4.67112 4.35201 3.28095 3.27171 3.16184 3.35425 2.93131 4.6981 5.57027 4.45444 3.74058 3.60063 3.26238 3.76003 3.20244 4.96614 3.25711 3.115 3.01159 2.95733 2.91455 2.91067 2.87014 2.75839 3.01778 4.93321 3.20081 3.95414 3.94338 3.18093 4.10892 3.73501 5.71616 3.5284 3.43646 3.10553 3.04666 2.75754 3.26948 2.71784 2.71548 2.88728 2.69841 2.67341 2.67135 2.64937 2.64561 3.33351 3.54475 2.6367 3.36104 3.34296 2.89569 2.58748 2.89282 2.58265 2.54101 2.49771
threshold=0.72408277404921717 0.83749672050701041 0.70793600419425762 0.87793064876957505 0.35392419175027873 0.0326811877240843 1.1439075621225523 1.1006347724646817 0.85733280625778352 0.75829524627562461 17.935907268619911 0.19166666666666668 627.48860141800026 0.036872615952324335 0.76870775274042213 1.4165660554376016 259.86096800145543 0.015732340401627607 0.60648802092769316 0.0067249857078334951 -0.056841486802269997 0.97662764771460442 0.88701134700640438 0.022577408468413423 1.2883358730741672 1.2309059552495865 0.94391494390974617 0.89556484796378977 1.2364841421212234 0.93422270881140679 0.0026607222030298229 0.43422551810332677 0.3000000000000001 0.63013336716388502 -0.20355015699944426 0.022098935825956029 10193372.800000003 0.1746165512877412 1.0137462805655917 207707187.10000005 0.78578176215836903 0.39110418856857382 0.11359027185227893 0.43379760039634946 0.27580053115056657 0.49166666666666675 0.44798082548199264 -0.00021726043834087148 0.018072198607778759 0.57772030846910194 0.18989275132345118 0.89964373057036851 1.3700563251514299 1.033947826921132 0.6847133976859624 1.164816282209217 0.071196935509246481 0.91975178555997006 0.089146695975370213 0.21199679323796469 0.050273661692292922 0.090849962419702987
decision_type=2 2 2 2 2 2 2 2 2 2 2 2 2 2 2 2 2 2 2 2 2 2 2 2 2 2 2 2 2 2 2 2 2 2 2 2 2 2 2 2 2 2 2 2 2 2 2 2 2 2 2 2 2 2 2 2 2 2 2 2 2 2
left_child=4 8 3 5 -1 -3 -6 -7 26 41 16 14 18 15 -12 23 21 22 57 20 -20 -5 48 -14 -17 -4 -2 28 33 30 31 -30 -32 -28 -35 -36 -37 -38 39 46 -31 -10 -43 -34 49 -46 59 -29 -18 -11 51 52 -9 -48 55 56 -55 -13 -59 -39 -41 -51
right_child=1 2 25 10 6 7 -8 50 9 44 11 12 13 -15 -16 24 17 -19 19 -21 -22 -23 -24 -25 -26 -27 27 47 29 40 32 -33 43 34 35 36 37 38 -40 60 -42 42 -44 -45 45 -47 53 -49 -50 61 -52 -53 -54 54 -56 -57 -58 58 -60 -61 -62 -63
leaf_value=-0.020903883371978065 -0.028815274607114905 0.0076126429074465573 0.013416497441671522 0.008083489874229903 -0.0046647374114800457 0.0067649886939284134 -0.015983046128098592 0.011027393156264949 0.020614453823312645 0.019416283502989174 -0.011430065828998463 0.037884335007856706 0.0019139454311308181 0.010530980311492069 0.035551425692263633 0.021599525162968945 0.0094623792405169726 0.022160265863455653 -0.018541131736950833 -0.046119731210389037 0.031636160120079242 -0.03542883924193603 0.01607126252711295 -0.057712459191938417 -0.029908111586495069 -0.018891103581105902 0.016638718550325001 -0.0063148519174147672 -0.023223674260473719 0.028010419667936978 -0.052705374052136114 0.02097858585485092 -0.031137405904578454 -0.048551065284703709 0.025790838734336987 -0.043472144779569538 -0.032928050395203676 0.015727004647401458 -0.048267222003336337 0.026425342627857312 -0.026037252617181518 -0.054740876043583554 0.023831166304374859 0.025110472103383775 0.032889997908693215 -0.019787417659702915 0.024657137958453864 0.029413819220879562 -0.051606002953230062 0.017226481670352917 0.026742673601103484 -0.021917307818436101 -0.027432366445981845 0 0.02776495851591549 0.027424210762607471 -0.036021947394101285 -0.050660568172522714 0.026323024594456873 -0.040130868500867695 -0.04022497826426423 -0.04435318457081909
leaf_weight=150.76290666167188 3.7856221754554999 72.052119711410342 7.5583301149890749 118.77368499778095 146.60661295590944 26.930297366401646 116.83124220977697 19.254126894455116 3.5324959191493681 11.065680943662302 4.2246891714166841 20.685236211400483 2.5095728198066372 19.233552928490099 31.074156262213364 5.5293995878600963 1.7081948858685816 3.7879810762824482 3.76839907700196 3.0331433506798922 9.4559850352816284 3.2466983271297059 2.2128433571197084 7.0058664330281317 3.7402730292524211 37.775751332352229 118.50279432334355 5.690344581147655 8.529245726065712 13.850857268320398 7.7557042628759501 9.7835544524714333 3.0264343646122143 2.464298029895871 20.082094546407461 5.3195653061848125 4.6038198288297272 2.7627954713534555 1.6478848127881054 1.0776173025369633 2.2450426726718424 3.1851125477696769 1.1539359577000139 3.5901466142386198 48.737299851491116 1.9895433732308436 34.868184817256406 29.130778056569397 8.3633152805778064 1.900151262525468 3.0394455278292289 53.605908803860075 7.5043170902645207 18.881578721629925 11.741131866583599 6.3215857894974752 6.9243829752667798 1.1821133620105677 1.7548082226421682 3.7578532918123528 4.3403968117199838 3.1027953801676631
leaf_count=41997 504 4749 594 4197 23720 1582 25237 830 45 139 83 187 58 356 366 99 53 63 111 95 105 125 39 247 142 4284 2615 180 302 222 301 202 103 69 350 210 122 35 89 18 80 139 13 59 527 56 490 488 427 39 83 4654 604 421 192 125 228 41 21 178 220 84
internal_value=0.000222209 0.00683118 0.00259158 0.00428291 -0.013859 -0.00184673 -0.00974463 -0.00808184 0.0118102 0.0211404 0.0087413 0.014689 0.00756523 -0.00597106 0.0296308 -0.022798 0.00375932 -0.0166843 0.0204225 0.00268684 0.0166879 0.0066065 -0.0298052 -0.0428248 0 -0.0132234 0.00963099 0.010178 0.00850742 -0.00271546 -0.0138538 0 -0.0306776 0.01078 0.00508877 0.00659479 0.00256283 0.0055585 0.00786353 0.00945353 0.0190974 -0.00837859 -0.0323589 -0.000671164 0.0247651 0.0303847 0.0119013 0.0234223 -0.0408776 0.00599099 -0.0129583 -0.0148315 -0.000178084 0.0145269 0.00599362 -0.00240982 -0.0106551 0.0318209 -0.00839037 -0.0168548 -0.0241376 -0.0211584
internal_weight=1298.56 884.361 479.01 433.676 414.201 182.386 263.438 110.334 405.351 74.667 251.29 113.197 77.8984 38.0187 35.2988 18.7851 138.093 16.0723 39.8797 16.2575 13.2244 122.02 12.2844 9.51544 9.26967 45.3341 330.684 326.898 292.077 48.781 32.6851 18.3128 14.3723 243.296 124.793 122.329 102.247 96.9272 92.3234 90.6755 16.0959 7.87154 4.33905 6.61658 66.7955 50.7268 85.2575 34.8211 10.0715 16.0686 83.4038 80.3644 26.7584 78.7369 43.8687 32.1275 25.806 23.6222 2.93692 6.52065 5.41801 5.00295
internal_count=123994 33040 24195 19317 90954 12502 48957 7753 8845 1042 6815 1911 1462 902 449 546 4904 582 560 311 216 4322 519 305 241 4878 7803 7299 6631 1269 967 504 463 5362 2747 2678 2328 2118 1996 1907 302 197 152 162 845 583 1669 668 480 262 6171 6088 1434 1456 966 774 649 249 62 213 238 123
is_linear=0
shrinkage=0.05


Tree=30
num_leaves=63
num_cat=0
split_feature=192 26 189 175 192 142 191 24 91 96 175 159 166 127 89 161 89 20 97 95 92 88 48 91 97 59 94 130 176 89 100 168 95 141 141 50 171 6 141 148 81 33 109 165 6 191 43 89 147 48 190 35 41 6 48 95 137 88 171 33 86 3
split_gain=39.7963 7.73539 5.19293 5.03948 4.46671 4.34415 4.06652 3.78742 4.49395 4.80908 4.12174 5.873 4.41251 3.7279 3.93228 3.62023 3.42834 3.34934 3.19428 4.26087 3.3869 3.05367 3.43846 3.02953 3.01679 4.13561 3.85863 3.08522 2.99482 3.32365 2.97218 3.78791 3.17016 3.27416 3.28476 6.38522 3.71931 3.08651 2.92447 2.90969 2.90197 2.88208 5.11082 2.90125 2.87267 2.85438 2.91891 2.84896 2.83739 2.7514 2.74716 2.73763 2.706 2.7012 2.6143 2.60083 2.6154 2.74671 2.5731 2.52384 2.52051 2.51153
threshold=0.72408277404921717 0.091181323490976629 0.48748049052396886 0.81743099548225984 0.34056856187290979 1.3320226125755663 0.030100671140939599 0.071945049649296031 0.071982811768723509 0.092954123703501326 9.1486865253666849 627.48860141800026 402427574.50000006 0.0853825589702389 -0.17243657162840104 598.38285109488618 0.63618905961713212 1.0025800905267086 0.33590395888019553 0.18789294867475073 0.88599821736018025 0.94102283972853862 0.84122903348793898 0.55851719795310018 0.27047355516478605 0.98279161108524604 0.51831405170201106 0.65165077450294484 780.21217264866402 0.3402576921955901 0.67500000000000016 44486435.175000004 -0.077698482305658387 1.1129799980971653 0.91820356673614512 0.71520039570277283 88.854706561886587 0.0084033613445346888 1.2601254919754294 0.53261112049298931 0.2166666666666667 0.02856824740733678 0.25000000000000006 0.37600460386160101 0.16666666666655169 0.47236313438531125 1.1156938875056472 0.52087852935273848 0.51348903534853096 0.92934619205728641 0.98161073825503364 0.80530868401770028 0.89777684479537356 0.22109698150610588 0.99190629285316267 0.78887759283118186 0.33184262811199644 0.91430099249822827 16.356566064836887 0.059899984978902254 0.88333333333333341 0.0083044982698961458
decision_type=2 2 2 2 2 2 2 2 2 2 2 2 2 2 2 2 2 2 2 2 2 2 2 2 2 2 2 2 2 2 2 2 2 2 2 2 2 2 2 2 2 2 2 2 2 2 2 2 2 2 2 2 2 2 2 2 2 2 2 2 2 2
left_child=4 2 5 -4 -1 24 -5 8 10 17 40 52 -13 41 -15 60 30 -10 19 -18 53 22 -16 -21 25 -2 -26 -27 58 -30 32 -32 45 34 -34 36 -36 -35 49 -37 -8 51 43 -43 -23 46 -3 -29 -45 -33 -17 54 -12 -20 -11 56 57 -24 -7 -47 -9 -60
right_child=1 16 3 6 -6 28 7 15 9 13 11 12 -14 14 21 50 18 -19 20 23 -22 44 55 -25 26 27 -28 47 29 -31 31 38 33 37 35 39 -38 -39 -40 -41 -42 42 -44 48 -46 59 -48 -49 -50 -51 -52 -53 -54 -55 -56 -57 -58 -59 61 -61 -62 -63
leaf_value=-0.020175535295840943 -0.012334949081060835 -0.036376334230297035 -0.026138863364627143 -0.039282605948051406 -0.009129490260937961 -0.038539916145474598 0.010594708677206788 0.033997764699153533 -0.048880915116991636 0.017889634975722584 0.033882082006478735 -0.031768767242089872 0.016963101733250378 0.027248154187090756 -0.03513268971024671 -0.047457036360954746 0.013774453387457376 0.0040534803145724557 0.021565757998467147 -0.061513573693486728 -0.03622822463573 0.025904786345967476 0.010128382454404158 -0.010642039085492523 -0.024645068487656078 -0.030400449319976187 0.010688869670246163 0.025113196763172377 0.017894166136385174 -0.039409975019635904 -0.046216537956317423 -0.04328126322809997 0.026866487206712003 -0.0042339692469679458 -0.063757968295277981 -0.011790085441783456 0.018617668048816954 0.028158136509766209 0.025336079067310092 0.02275214285598819 -0.028651654886128749 -0.049628062227891456 0.026585026501959708 0.014924857722322847 -0.014806906806155297 0.018226393999793738 0.017870967926274964 -0.0096460847034892175 -0.033648693710296822 0.016153023230686816 0.015245193774340776 -0.016481588199424677 -0.020506868438908896 -0.002999459106152244 -0.017594872137790204 -0.027402183009252758 -0.0071558132415099193 -0.035345591007350428 -0.02534571824645547 -0.038395594984888419 -0.0022031478956101992 0
leaf_weight=143.35398398708458 16.533025580200047 6.3226603061193618 11.318893340423527 3.8370405196328639 268.24798214820476 13.556897220456447 10.767222048074474 26.960539550869726 6.5385006669675914 92.029575001502963 42.715644995099865 6.7620914175640818 10.517733945860526 10.612418272241483 8.1407063817605358 2.2184811213519415 8.7398294433951396 4.4440798617433757 32.805809714453062 3.904754849150776 2.6707806226331732 14.770989028154874 49.534871148294769 9.4447836089530011 18.408728657199394 2.3604035145835942 11.85249229466717 35.428615269338479 10.921288970450403 2.2002111799774857 3.039554926101121 3.2274531630100673 16.228887765319087 7.3927834029891519 4.2952120448462692 8.4430434423265996 1.2264549005776642 98.520373554434627 8.8284723194083181 16.248733202577569 6.8088266267150166 4.9423603500763447 7.2684233902255064 6.4068637428572384 5.0570392652880392 19.607475525001067 2.8673070115037262 6.2528090083505949 4.0307580748340115 2.709842425538227 2.8849989506416023 6.0103604822070329 1.6603537830524135 15.901279932877513 4.5816887727196436 9.4158735080600291 77.800141310086474 2.5429846425540736 19.040098499368469 1.1904757395386685 5.3574985250597811 19.825179419491178
leaf_count=40545 973 301 1858 337 50441 1585 461 397 409 3328 601 226 209 231 234 88 163 209 762 146 164 331 1114 317 1535 209 619 1373 296 260 98 82 253 178 128 196 14 1765 116 270 485 247 133 178 204 408 50 433 175 48 42 227 32 531 383 471 3494 114 2055 47 112 1380
internal_value=-0.000219383 0.00580185 0.00261563 0.00536792 -0.0130283 -0.00518536 0.00625806 0.00676532 0.00526945 0.0025441 0.0158458 0.021872 -0.00252823 0.00377497 -0.00085843 0.0218127 0.0127625 -0.0284931 0.00337954 -0.0120706 0.0102213 -0.00282278 -0.00534799 -0.0291203 0.00185657 0.00830617 -0.0107466 0.0162675 -0.0149011 0.005821 0.0161478 -0.00296318 0.0180472 0.0209618 0.00943947 -0.000321951 -0.0446451 0.0258319 0.00799013 0.0107471 -0.00506381 0.0103484 -0.00544745 -0.0215898 0.015069 0.00287971 -0.0188675 0.0196778 -0.00469783 -0.0170159 -0.0145019 0.0139017 0.0313298 0.0135464 0.0159926 -0.00333364 -0.00135448 0.00718958 -0.0201933 0.0131432 0.0279605 -0.0128621
internal_weight=1287.53 875.933 602.317 445.937 411.602 156.38 434.618 430.781 393.36 314.128 79.2319 61.6558 17.2798 303.145 177.875 37.4215 273.616 10.9826 73.4672 22.0894 51.3779 167.263 147.435 13.3495 90.8361 60.5749 30.2612 44.0418 65.5437 13.1215 200.149 17.8053 182.343 152.355 46.4423 30.2134 5.52167 105.913 14.7658 24.6918 17.576 125.27 22.6484 15.38 19.828 29.9879 9.18997 41.6814 10.4376 5.9373 5.10348 102.622 44.376 48.7071 96.6113 139.294 129.878 52.0779 52.4222 20.798 32.318 38.8653
internal_count=124071 33085 27048 16330 90986 10718 14472 14135 13496 11482 2014 1068 435 10864 6193 639 6037 618 2083 626 1457 5962 5427 463 5142 2988 2154 2015 5576 556 3954 344 3610 2804 861 608 142 1943 246 466 946 4671 733 600 535 806 351 1806 353 130 130 3938 633 1293 3711 5193 4722 1228 5020 455 509 3435
is_linear=0
shrinkage=0.05


Tree=31
num_leaves=63
num_cat=0
split_feature=1 26 178 71 104 165 135 1 112 177 37 30 7 190 139 89 41 40 89 131 151 41 8 32 157 44 177 4 12 50 92 59 89 97 92 133 26 25 89 12 141 96 188 21 122 174 138 75 139 170 23 90 79 24 140 128 12 129 31 111 39 171
split_gain=26.0415 9.71297 8.33777 6.46325 4.74702 4.54079 4.04915 3.77097 3.57362 2.94595 3.12161 2.82528 3.31085 2.72228 3.12609 2.54299 2.62428 2.51041 2.46675 5.50935 4.84045 4.08329 3.89503 3.95507 3.8606 3.74897 3.44319 3.34082 2.97576 3.45815 3.26736 2.90703 2.88166 3.8928 4.13211 2.95641 2.83725 3.1169 2.73145 2.59738 2.58436 2.64105 3.01524 2.53037 2.62861 3.16682 2.4841 2.96312 2.44964 2.4444 2.38361 2.3833 2.72492 2.35806 2.30932 2.30379 2.2979 2.41722 2.36092 3.27877 2.28189 2.45156
threshold=0.031797151960368759 0.079185160931084561 0.03037480703981579 0.58696965702194748 0.25000000000000006 0.55617601275622164 0.62805754012689674 0.11037448525307685 -0.29166666666666657 0.028460270673701861 0.0094321456516823325 -0.0062409637211040718 -0.025326093120851774 0.56020134228187934 1.3618436301360257 0.7776341923476352 0.47409070664357172 -0.003510540913139923 0.13730464674673756 0.80026719919064393 0.45559257379668178 0.40780063937917804 0.27272727272554464 0.098468720092623488 -1.0000000180025095e-35 1.026548672566318 0.043960334910057006 0.038461538461527285 0.29179889017204813 0.71520039570277283 -0.025626392355386707 0.78677713020691242 0.58419282294260177 0.37994303388954903 0.66029496086189965 0.22720053637406576 0.11405813016431031 0.029054344093594562 0.67361750486891958 0.099552721264929242 1.0873287313666034 0.68166682463621353 0.98998327759197335 0.87173949032869169 0.43095204924568054 -10.971732866488976 1.1269725562017465 0.92500000000000016 0.80916108294273592 87.576047596556279 0.074045991385842266 0.42230278594692966 0.35000000000000003 0.084989941869167918 1.4475064298540783 0.87524407699409901 0.20581395885934747 1.3354016756647022 0.0082335413872079381 0.083333333333333356 -0.098856091874812063 73.392106365521485
decision_type=2 2 2 2 2 2 2 2 2 2 2 2 2 2 2 2 2 2 2 2 2 2 2 2 2 2 2 2 2 2 2 2 2 2 2 2 2 2 2 2 2 2 2 2 2 2 2 2 2 2 2 2 2 2 2 2 2 2 2 2 2 2
left_child=1 3 4 17 5 11 15 18 -6 -10 -11 -2 -13 -5 -15 16 -3 -1 19 22 32 60 -4 -24 25 -22 28 -27 29 31 -31 -26 -20 34 54 -35 37 -30 -37 -23 48 42 46 -32 45 -45 -42 -48 -28 -44 -40 52 -8 -43 -34 -14 57 -29 -58 -60 -21 -62
right_child=2 6 7 13 8 -7 51 -9 9 10 -12 12 55 14 -16 -17 -18 -19 20 21 24 39 23 -25 26 27 40 56 36 30 43 -33 33 35 -36 38 -38 -39 50 -41 41 53 49 44 -46 -47 47 -49 -50 -51 -52 -53 -54 -55 -56 -57 58 -59 59 -61 61 -63
leaf_value=-0.0024662334893305687 0.039077699229730478 0.001650689604895633 0.0067870459114195815 -0.016647481681001639 0.025668027442053744 -0.024047448318960524 0.020280104851201155 0.021919664780209198 -0.0022517964158526504 -0.017615656549963256 0.023456838696428992 -0.033477828283667473 0.025239712139006568 0.0034715415126758001 -0.01545696640597008 -0.029492127970999767 0.029594566085758833 -0.019557269273824965 0.024859192455432926 -0.046034682583941618 -0.023099677662285694 -0.00016962065381742505 0.016325815753987363 -0.047391933224830124 0.023789822833283056 -0.027423938520731245 -0.0067838193148041367 0.029218879576331049 0.028676725136860249 -0.036360581721463267 0.030010530408441524 -0.057539484560835796 0.011975708267722275 -0.0013324121922601347 -0.045123839465098542 -0.024269672959581361 0.016981979173542081 -0.022183096825967918 0.031430368558019506 0.029228790037421494 0.010856313690777169 -0.054857065115323213 -0.060662668681607294 -0.016579324049548216 0.020761993427437682 0.01727788360459161 -0.037735782344674708 0.024209440913580519 -0.047810362998416553 0.0043454080278599073 -0.0077009013765328652 -0.027448099255663473 -0.024782822633808647 0.016042252230256616 -0.024702064616390559 -0.0064593142337068463 0.011995964285428738 0 -0.055258327778304722 0.011781511154395977 0.014545518261451926 -0.017889296382715254
leaf_weight=24.953165546761738 11.503461122629231 13.011449458790592 23.020734915342473 35.245345280813126 8.2900861171074194 6.2266801919904529 8.7478299547219667 48.729259859654121 164.27204695701585 62.365502784276032 4.0376353005412957 2.9071951052173963 17.831501000968281 91.809610780888761 27.472996443062584 1.7653294086921949 25.697382699960144 215.56772627106147 37.190391234587878 1.1386573859490443 6.7454660801449782 8.1598927907180023 2.7488300399854761 7.0935820433078334 0.8432793896645302 3.7266199970617881 7.325808873632921 33.488548435270786 2.4532607229193699 2.4645493341376996 16.274359093804378 2.4875119852367789 15.365630556247202 17.372458745143376 4.8670260776998466 1.9626873903907824 6.9796514701447441 25.400423655082704 30.3256013939681 60.580793479748536 27.187253927171696 3.5346685890108338 2.5819963747635475 16.200700784684159 19.115943304728717 10.489395826589318 5.4057971526053725 1.8618119596503673 7.9424458166577097 1.9909873916767535 3.820283346110954 8.7288578572915849 4.0865120624657711 0.94283428136259306 4.7926257115323088 7.4224259999464257 20.78601032293955 8.7585145146585983 2.5592355249682432 2.9645640079397708 24.417377263976963 6.5258348234929136
leaf_count=3573 358 747 742 8137 345 515 369 798 18603 4340 59 206 678 13927 4130 99 694 50617 796 64 201 204 74 359 4 164 174 420 68 102 189 82 419 550 329 89 187 1412 740 931 834 151 71 669 575 315 280 19 289 34 167 969 346 16 337 537 705 249 125 61 585 242
internal_value=-0.000249735 -0.00981153 0.0050571 -0.0127024 -0.00184303 0.0126872 0.00842771 0.00871222 -0.00469551 -0.00591439 -0.0147331 0.0190264 0.00960505 -0.0046378 -0.000938737 0.0176416 0.0206056 -0.0178224 0.00734632 0.0131466 0.00512475 0.0189055 -0.00441004 -0.029271 0.00104339 0.0100443 -0.00336556 0.0134785 0.00212614 0.00822648 0.0110371 -0.0350556 0.0134846 0.00778843 -0.00813987 0.0153461 -0.0095192 -0.0166916 0.0233248 0.025715 -0.0129212 -0.00625369 -0.00151723 0.0135446 0.00707139 -0.0029492 0.00376718 -0.0202531 -0.0300599 -0.0357612 0.0268155 -0.00866055 0.00481619 -0.0388117 0.0022639 0.0158414 0.0161361 0.0232617 0.00407822 -0.0222215 0.00382761 0.00720269
internal_weight=1280.57 457.086 823.48 395.049 284.857 45.8913 62.0374 538.623 238.965 230.675 66.4031 39.6646 28.1611 154.528 119.283 40.4742 38.7088 240.521 489.894 133.686 356.208 100.823 32.8631 9.84241 240.512 79.029 161.483 72.2835 102.709 67.8757 64.5449 3.33079 115.697 78.5063 25.0253 53.481 34.8333 27.8537 36.1086 68.7407 58.7736 43.5053 39.0278 62.0804 45.806 26.6901 34.4549 7.26761 15.2683 4.57298 34.1459 21.5632 12.8343 4.4775 20.1583 25.2539 68.5569 42.2471 26.3098 5.5238 32.0819 30.9432
internal_count=124071 83608 40463 80384 25641 2294 3224 14822 23347 23002 4399 1779 1421 26194 18057 1540 1441 54190 14024 3201 10823 2026 1175 433 7396 1925 5471 1724 3603 1936 1850 86 3427 2631 1085 1546 1667 1480 996 1135 1868 1405 1238 1748 1559 984 1133 299 463 105 907 1684 715 167 756 1215 1560 669 891 186 891 827
is_linear=0
shrinkage=0.05


Tree=32
num_leaves=63
num_cat=0
split_feature=192 27 21 94 175 112 89 54 168 192 45 192 50 81 174 56 166 29 96 25 161 12 41 142 81 95 117 97 183 170 168 94 95 95 155 97 11 172 15 12 27 13 173 46 168 12 11 139 168 86 130 105 166 160 36 171 0 13 143 23 184 12
split_gain=35.0187 6.07826 5.77454 5.38278 4.7706 5.18017 4.7108 4.4572 4.43624 4.14203 4.49603 4.00875 3.79679 3.71035 5.38987 4.04434 3.6989 3.60851 3.58181 4.38671 3.39824 3.95064 5.11231 5.06722 5.37188 4.42333 4.27887 4.03963 3.81604 3.76241 3.44366 3.1935 3.16478 3.16245 3.05841 3.01519 3.43976 3.78259 2.96461 2.89517 2.87421 3.14815 2.75326 2.68974 2.68219 3.70235 2.92872 2.64151 2.55764 2.53696 3.53795 2.51614 2.95094 2.69808 2.42899 3.57886 3.10965 3.09508 2.40419 3.45527 2.96233 2.40273
threshold=0.72408277404921717 0.17729884883913377 0.88068069030177565 0.84887544381705482 5.7266850866967376 -0.29166666666666657 0.16829145507641871 0.92215740819268255 291421121.05000007 0.89799776286353483 1.040586322288833 0.34056856187290979 0.88645742437225772 0.25000000000000006 -11.997776030797899 1.0610768053250925 -31458744.499999996 0.69303796916114779 0.77251364261318833 0.075545435717898235 158.49588795119854 0.10489392387615369 0.05830998191606835 1.7263244605739676 0.35000000000000003 0.78163544224700865 0.67032915913216196 0.50987119399599135 -26.22089437499994 78.644187585353265 119373716.60000001 0.74903822920298169 -0.26520864155588358 0.024014901086225591 -0.064567767049184641 0.57382142712724848 0.97388059701484875 3.6615111903958995 1.1841733268251655 0.083463089461451062 0.074967294109309773 0.98192771084331942 646.48489863591806 1.0283681771839208 34266514.425000004 0.56244353249766676 0.97777777777777308 1.0427892653753135 50547987.900000006 -0.81666666666666654 0.96121571872157108 0.37500000000000006 -5579198.9999999991 17.490482785456354 0.0080819986324894132 34.571458420925346 -0.024037765376817295 1.0213856796976815 0.7710548952717029 0.011042184883188316 5.7647743750000027 0.2837769802603029
decision_type=2 2 2 2 2 2 2 2 2 2 2 2 2 2 2 2 2 2 2 2 2 2 2 2 2 2 2 2 2 2 2 2 2 2 2 2 2 2 2 2 2 2 2 2 2 2 2 2 2 2 2 2 2 2 2 2 2 2 2 2 2 2
left_child=11 2 3 8 5 -4 48 -5 20 10 12 -1 43 14 18 -16 32 49 19 35 33 22 39 24 26 -25 30 -28 -24 -26 34 40 -12 -2 -23 36 37 -11 -7 -22 -18 -42 -38 -6 45 46 -19 -37 -3 50 -15 52 -13 58 -51 57 -57 -56 59 60 -54 -62
right_child=1 6 4 7 9 38 -8 -9 -10 13 16 51 -14 17 15 -17 31 44 -20 -21 21 23 28 25 29 -27 27 -29 -30 -31 -32 -33 -34 -35 -36 47 42 -39 -40 -41 41 -43 -44 -45 -46 -47 -48 -49 -50 54 -52 -53 53 -55 55 56 -58 -59 -60 -61 61 -63
leaf_value=-0.019140174161702644 -0.024479337793892997 0.043085325167964476 0.033380230333949157 0.02527108707327208 -0.014728546201822118 -0.011995152442746545 0.0067839201051117168 -0.028510514497791645 -0.034897456556858865 0.010583849464767679 0.013523175596290436 -0.019360209834657135 0.027034075727235981 -0.049642146941163499 0.021548487674261096 -0.026254262740203722 0.0078329821505772352 -0.056714187866664267 0.02947233274943549 0.007626071876119832 -0.05355741124127477 -0.016576292956666041 -0.00069635743062139432 -0.042913247034242347 0.0061190237729984755 0.029976452463632116 -0.058811734462839375 0.0061640085886409714 0.028080307624886194 -0.057724295994073187 -0.040347391491990292 -0.028470990917611572 -0.042724278737116025 0.02240208843155601 0.025446319748289356 -0.036055625016722416 -0.0022378200571069504 -0.072651043299432116 0.01490031973506209 0.010975393385816391 -0.030354349044482112 -0.0021475866732648791 -0.039031874619870954 0.01209922593796005 0.013885545369427597 0.016667776112285686 -0.0080845919746249332 0.022735868768525985 0.009964982430961257 0.027092294879286917 0.017402000092012235 -0.011896815389635213 -0.017161827998224407 -0.0089072656961837662 -0.042585789476643508 -0.020772135910364805 0.021717442490856279 0.016405996145316345 -0.026502908534536452 0.026989596571472263 -0.018725112212379762 0.044409835577233957
leaf_weight=140.19925219002107 2.8491146134911096 21.741433643386703 6.4431016405578694 4.2357179662212756 15.799788556818383 110.23349334313389 34.514812703560892 13.939473016187547 3.858486581942997 1.2800352470949317 2.528491134289653 17.143410372082144 19.85332229227788 2.3871766636148086 31.768807184358593 4.1614261346803678 48.523198128437798 4.2997253044741255 4.443400317686609 16.495616042346228 2.8958049844950429 4.0226940182037572 14.717260736972092 9.3685500645078701 3.6115590534172943 1.7613585172221053 2.8226099023595435 5.6508138058707118 46.360192310239654 4.191645571263507 1.4486246518790711 10.800879151756815 10.413737525192115 92.509895379887894 38.729850373463712 1.7187785902060557 12.761211080534851 6.0614563047420233 10.278017847973386 2.4345886395312846 11.920764340135063 45.011771149522247 7.9737510248087338 20.040231074202893 17.171940505912062 6.4423702941749061 9.1794931467738916 5.3460020905149577 9.4099011183716339 53.944260371834389 3.7100231805816293 181.79189424359174 11.019029404065806 26.375230505811487 4.3530288807232855 3.9593310249038032 35.738232643139781 2.9335007164627314 2.8891117118182583 22.49096267488494 1.4256196396891017 3.6367946898099035
leaf_count=40545 179 186 153 68 636 11151 840 450 243 23 97 2118 599 78 591 197 2718 137 60 422 149 74 260 381 60 16 90 81 604 133 44 826 975 1968 473 89 360 226 484 45 712 2457 320 619 392 136 237 112 157 882 59 40588 1544 4557 159 81 550 46 224 1229 153 28
internal_value=-0.000182923 0.00548078 0.00426297 0.0104594 0.00135194 -0.00709442 0.0200174 -0.0150517 0.0124899 0.00392147 -0.00165756 -0.0122733 0.0100697 0.00829957 0.000384558 0.0153156 -0.0067897 0.0132809 -0.00919479 -0.0131138 0.0134402 0.00826856 0.0169563 2.02224e-05 0.00591499 -0.0294456 0.0118325 -0.0188758 0.0211662 -0.0302692 0.0181173 -0.00378728 -0.031195 0.02071 0.0210895 -0.0229293 -0.0300913 -0.0580101 -0.00955643 -0.0262153 -0.00096849 -0.00856195 -0.017762 5.79274e-05 -3.91562e-05 -0.0123709 -0.0267878 0.0051154 0.0338573 0.0179013 -0.0114387 -0.00858779 -0.00139485 0.00328794 0.0198177 0.0109706 0.0169505 -0.019119 0.0111906 0.0147386 -0.00267947 0.0256497
internal_weight=1276.02 869.051 803.385 255.408 547.976 126.955 65.6661 18.1752 237.233 421.022 184.892 406.971 55.6933 236.13 92.0105 35.9302 129.199 144.119 56.0803 51.6369 233.375 138.016 66.4078 71.6077 60.4778 11.1299 52.6746 8.47342 61.0775 7.8032 44.2012 116.257 12.9422 95.359 42.7525 35.1412 28.0765 7.34149 120.512 5.33039 105.456 56.9325 20.735 35.84 37.0935 19.9216 13.4792 7.06478 31.1513 107.026 6.0972 266.772 84.9802 67.8367 100.928 46.9841 39.6976 7.28653 41.4615 38.5724 16.0814 5.06241
internal_count=124071 33085 31902 5318 26584 11788 1183 518 4800 14796 9639 90986 1854 5157 2400 788 7785 2757 1612 1552 4557 2410 1058 1352 955 397 762 171 864 193 591 6713 1072 2147 547 1130 929 249 11635 194 5887 3169 680 1255 902 510 374 201 343 1855 137 50441 9853 7735 1718 836 631 205 3178 2954 1725 181
is_linear=0
shrinkage=0.05


Tree=33
num_leaves=63
num_cat=0
split_feature=192 26 182 40 40 114 88 1 189 35 192 12 67 31 42 31 54 169 31 97 97 43 96 27 27 97 95 8 50 164 142 185 168 140 41 166 47 137 73 61 12 128 166 135 93 191 122 57 113 142 189 169 121 167 102 60 176 167 163 89 44 95
split_gain=31.7473 7.19287 4.84696 4.46505 5.98655 6.59404 4.79941 4.13778 4.08089 5.1947 5.19087 4.46709 5.30942 3.70662 3.54871 3.50402 3.92111 4.00084 3.32813 3.15471 3.13328 2.97771 2.92366 2.91049 3.81693 3.10719 2.88987 3.26273 2.85619 3.04511 2.84958 2.80919 2.76732 2.76337 2.75741 2.72842 2.60322 3.38185 2.86588 2.70905 4.7994 2.57553 2.54786 2.5025 2.59584 2.46362 2.62434 2.45447 2.43515 3.39958 2.81921 3.19281 2.72514 3.73456 3.22224 2.82364 2.4001 2.38226 2.33899 2.26838 2.17918 2.32842
threshold=0.72408277404921717 0.091181323490976629 7.1279860199999954 0.0094131775597846769 0.0051296271106286559 0.66037735849054868 0.90300745155305218 0.015384615384614423 0.52006711409395978 0.71386454683779077 0.87124161073825512 0.11141735600861292 0.65416666666666679 0.0072146473986542956 0.15145898181574827 0.022669630093700658 0.97260661563329887 1.1287405116326006 -0.0069580959719991262 0.39128120773481639 0.3242481361856091 1.0715881400462577 0.52362347895607619 0.064009351401049144 0.044522102720764976 0.53819027837146616 0.60559646871853079 0.78640776698983228 0.89396013286369269 -27.146225361723179 1.1863738878288539 -13.007476779999989 341662165.55000007 0.91397246485106665 0.53831027936099896 1107499182.0000002 1.040454097267278 0.25007691557565925 0.50000000000000011 0.87208112162828055 0.17068181219753473 0.77280762934527159 -371226661.49999994 0.35452130695590522 0.66352207744721481 0.9682326621923939 0.30693950375784906 1.3296968067099439 0.8724170278837321 1.5872197202065987 0.98495525727069355 1.0044148535715554 0.25385277866670064 27966998.900000002 0.62500000000000011 0.73838702426891767 636.48779196938642 489180799.00000006 6.4080215550511932 0.84718856992046876 1.0160916557033699 0.63703088075290004
decision_type=2 2 2 2 2 2 2 2 2 2 2 2 2 2 2 2 2 2 2 2 2 2 2 2 2 2 2 2 2 2 2 2 2 2 2 2 2 2 2 2 2 2 2 2 2 2 2 2 2 2 2 2 2 2 2 2 2 2 2 2 2 2
left_child=7 2 14 4 8 18 58 -1 11 15 13 34 28 35 41 16 17 26 31 21 -8 -12 -16 24 59 30 27 -10 -13 -30 -25 -6 42 -9 -4 -11 -18 38 -38 40 56 -2 -3 44 -43 46 -15 57 52 50 -50 -52 53 -44 -54 -55 -39 -35 -7 -19 -51 -62
right_child=1 32 3 -5 5 6 20 33 9 10 19 12 -14 45 22 -17 36 23 -20 -21 -22 -23 -24 25 -26 -27 -28 -29 29 -31 -32 -33 -34 47 -36 -37 37 39 -40 -41 -42 43 48 -45 -46 -47 -48 -49 49 60 51 -53 54 55 -56 -57 -58 -59 -60 -61 61 -63
leaf_value=-0.021915167625106681 -0.020951816985739627 -0.030913047066237594 -0.029208263191600151 0.033205419219015819 0.0054922806071211654 0.0014093425770191532 0.040515777353901092 -0.0023564064907531817 -0.06157597724135231 -0.045828992477973542 -0.061099701000008382 0.029341787243445779 -0.03690104981299349 -0.020786045489024019 -0.023596347959915262 0.032356149986261622 0.028154780447851659 -0.016760026579132833 0.0053140457497453872 -0.007111936240883009 -0.036210965965156647 0.005461197221481506 0.039720876897276922 -0.021562782782614063 -0.029221114489753688 -0.027958117182974498 0.0037603235675826049 -0.00066714281563028284 0.035838452751039723 -0.0016859953985376064 0.036357202490147338 -0.050031432218008424 -0.026890098007602045 -0.0137149822777527 0.0012538348478119779 0.011145576136098638 0.010630179183747344 0.024432815836625155 -0.04870524204513723 0.016750608203998471 -0.04641486351578164 -0.0052680543266742548 -0.020370344096551748 -0.0085974564143146814 0.018320194645517526 -0.028532206759960634 0.030114377286892976 0.032503655310026684 -0.0010540835375201345 0.035694321797803373 0.0022366107135750771 -0.077620594026033246 0.013424404510729092 0.0053246146647250928 -0.033429132053607695 0.044305165064428664 -0.027692857277155515 0.01797629331314669 -0.069908118935913963 0.027240102987142641 -0.029580385604916361 0.022091530560722918
leaf_weight=78.932499485286826 25.540208250138676 2.3314177806023499 18.928821568930292 12.708206268958746 3.2396676117787138 1.1291210557101274 1.9261313565075391 106.0914867051215 5.0484937950968725 3.5984094684245091 5.9085100931115475 13.323531331145203 5.7531414451077572 2.0708743184804979 1.5712952490430305 20.668663849588484 30.067367011812166 3.4300884492695349 34.247583324555308 15.222321600653229 1.4263673808891324 1.8415752095170317 6.4488852209760807 1.6738746528280959 8.3644351710099709 1.8645734973251809 6.101661541266366 3.7538510200101882 5.2355533007066688 38.780283526564745 14.508222659234887 4.7206945575271666 3.5071311507490455 211.76885429851973 11.23054394209248 3.0813103817054071 3.126470992807298 8.1009412803687137 3.2587274153484032 89.955557435048831 4.058851975016295 23.937632896646392 2.6602209392003742 89.173880390346312 20.756950296403375 1.5514864497818042 18.727754571420519 2.0366951971082008 8.786443877732383 6.0564640727825445 1.7365886382758606 2.3076522382907569 208.07148556434549 6.7949089808389571 2.7506880634464315 19.438851084560156 1.9315785036305886 5.1384352224995373 7.394844132126309 7.8106390575412661 3.2746244936715811 3.4156616567634046
leaf_count=23916 2341 100 1501 177 101 32 6 16766 212 215 191 228 326 60 87 253 563 108 962 311 53 30 100 45 249 61 156 91 45 1419 175 293 306 49793 625 102 70 126 158 2271 118 1849 62 9433 1036 64 329 125 188 81 22 71 4666 129 82 153 84 386 271 121 124 53
internal_value=-8.00324e-05 0.00532347 0.00222138 0.00505857 0.00410243 -0.0112336 -0.0425718 -0.0116383 0.00645167 0.00960433 -0.00442916 -0.00248555 0.00503153 0.00939753 -0.00495111 0.0130469 0.0107978 -0.00076 -0.00151874 -0.0217734 0.00590313 -0.0458955 0.0255209 0.00784455 -0.00523582 0.0218459 -0.0219384 -0.0388288 0.00988494 0.00336333 0.0291687 -0.0287856 0.012059 -0.00906779 -0.0180283 -0.0208669 0.0151313 0.0113197 -0.0214696 0.0135647 -0.00620408 -0.00666493 0.0126862 -0.00376698 0.00573851 0.019163 0.0240959 -0.0122716 0.0132028 -0.00124006 -0.0188665 -0.0486934 0.0147633 0.0291862 0.0126346 0.0349585 0.0123433 -0.0128622 -0.0607801 0.0131327 0.0162205 -0.00310734
internal_weight=1268.3 864.332 593.2 425.771 413.063 54.0844 11.8765 403.968 358.978 265.726 52.0022 93.2519 63.0925 29.0298 167.429 213.724 193.055 52.5558 42.2079 22.9724 3.3525 7.75009 8.02018 37.6518 19.6052 18.0467 14.904 8.80234 57.3394 44.0158 16.1821 7.96036 271.132 325.035 30.1594 6.67972 140.499 110.432 6.3852 104.047 14.0914 159.409 267.625 133.868 44.6946 22.3501 20.7986 218.944 265.294 25.5774 12.8307 4.04424 239.716 28.894 210.822 26.2338 10.0325 216.907 8.52397 11.2407 12.7468 6.69029
internal_count=124071 33085 27048 12202 12025 1718 362 90986 10307 6163 1302 4144 2018 770 14846 4861 4608 1218 1356 532 59 221 187 759 478 281 459 303 1692 1464 220 394 6037 67070 2126 317 3390 2827 228 2599 328 14659 5731 12318 2885 453 389 50304 5631 539 281 93 5092 344 4748 282 210 50179 303 229 258 177
is_linear=0
shrinkage=0.05


Tree=34
num_leaves=63
num_cat=0
split_feature=178 49 134 37 109 57 10 25 140 34 185 152 191 114 190 37 171 161 29 138 26 89 29 35 178 40 158 142 137 25 77 190 183 32 54 139 24 44 93 190 16 27 97 7 34 173 39 89 164 27 39 168 92 23 144 163 171 174 112 62 183 134
split_gain=19.6748 7.32115 6.11826 4.97189 4.61432 4.02195 3.58859 3.94241 3.23972 5.85699 5.54269 4.08164 3.98156 5.94442 5.5344 4.3678 3.87627 4.8945 4.44371 3.67869 3.46625 3.44697 3.2699 3.24633 3.22878 3.16408 3.11248 2.97321 2.9236 2.87981 2.8787 3.61478 3.34427 3.05481 2.81289 2.66536 3.07005 3.0999 3.71657 2.66344 2.64614 2.63662 2.55482 2.49504 2.47761 2.37469 2.35389 2.3214 3.15799 2.31375 2.29977 2.45309 2.34062 2.59568 2.72969 2.28719 2.71367 2.2858 2.27441 2.3414 3.80363 3.00538
threshold=0.030889237425707771 0.97825713845391193 0.57163892400165384 0.010318964296707393 0.45000000000000007 1.2820872824570746 1.0274518409519353 0.033534332614362235 1.2721387855183501 -0.00023670604560251557 -7.866488359999976 0.48806215905048284 0.7876286353467562 0.65292201956113349 0.9180648769574945 0.014316851194112809 75.264112400725722 104.93154866327477 0.65875912409783821 0.90349296835546955 0.10779917289466102 -1.0000000180025095e-35 0.051210098093141192 0.89288533315199292 0.021208718624451058 -0.0042094739224958549 29.317188441000031 1.1790608932402169 0.49390774238136398 0.037609877973775165 0.94166666666666676 0.84448545861297553 -30.536804529999923 0.21284431441560278 0.97910374549375523 1.4708357931346929 0.054214103901785271 1.1044315685360668 0.69341399781668678 0.8377964205816556 0.76155749026114117 0.15086741612785445 0.46873354722379534 -0.03884130417754706 0.0066620939577977266 156.75889500610023 0.055629339173107355 0.81817389653235029 2.044179094032879 0.13599071197958693 0.092274957323407597 41382985.300000004 -0.19441179579327714 0.045512685636291128 0.53148966710831125 7.3792801800566403 88.346888255015259 -10.093283787546296 0.15833333333333338 0.85534679117919421 20.038010440000111 0.28707843574348463
decision_type=2 2 2 2 2 2 2 2 2 2 2 2 2 2 2 2 2 2 2 2 2 2 2 2 2 2 2 2 2 2 2 2 2 2 2 2 2 2 2 2 2 2 2 2 2 2 2 2 2 2 2 2 2 2 2 2 2 2 2 2 2 2
left_child=1 3 8 4 5 6 7 24 12 10 11 49 13 26 55 23 18 47 21 30 -12 -11 -19 27 -1 -3 -2 -16 -21 -6 31 -14 -32 -33 -9 36 44 38 -38 -26 -40 -4 -34 -35 -24 -44 -36 48 -18 -10 51 52 -23 54 -54 -15 -57 -49 59 -28 61 -61
right_child=2 25 41 -5 29 -7 -8 34 9 16 20 -13 19 14 15 -17 17 22 -20 28 -22 50 35 -25 39 -27 58 -29 -30 -31 32 33 42 43 46 -37 37 -39 40 -41 -42 -43 45 -45 -46 -47 -48 57 -50 -51 -52 -53 53 -55 -56 56 -58 -59 -60 60 -62 -63
leaf_value=-0.0081690492885978013 -0.025760393414459598 0.0054345289519400078 -0.015776260908188854 0.033430943602718817 -0.0053579101690256759 0.020632313090884154 0.0037980047843089171 -0.031969448174285604 -0.049441743751980835 0.041368359203033819 -0.040792252027178497 0.020568753274833429 0.011748937180895799 -0.013818416921465827 -0.012170908950079119 -0.052410973873383337 -0.040044035888053164 -0.058676995654603895 -0.002740814230101449 0.032099425989144101 -0.00020984653594821503 0.034334523615821087 -0.036926050082258972 -0.040481767945941355 -0.0022471679066482816 -0.017203833077989169 0.018206244709543584 0.025125659715435157 -0.0084314245224705858 0.021610010677065482 -0.042168911370163126 0.0077610048976912392 0.036822098762918906 0.0015385245260834393 -0.014040942349670453 0.0095370954956276593 -0.071491655892549258 0.0082089904431018653 0.0091255210731869107 0.017705028952484918 -0.048177785905714691 0.012233579833665399 0.024210929318288527 -0.059725093248682186 0.017084410891884904 -0.028230246771641349 0.01130281458417084 -0.025348835596416455 0.023462578196053067 0.010304597153319515 0.037599087189716836 0.019893789358547936 -0.0026971499540304113 0.025776233542545657 -0.04425903230360001 -0.064365193145406244 0.0084020077944342662 0.035491826644887779 -0.0059709197461944308 0.0084349001242915046 0.033852557780808083 -0.020882411425265035
leaf_weight=160.39732418204767 4.4002513082814394 16.330819447233807 40.062730920646572 8.20967262634076 14.447881921911174 13.633444441016762 75.922931970002537 20.68973594169438 3.1663948344066766 14.344336818321606 16.538958230241409 14.116230534797067 21.755388697842136 18.038024451059758 6.0867933891713717 1.8614393221214403 2.7125685620121684 2.5566515509271985 29.980732820869889 47.298914171464276 7.8875075329560778 2.8094845418818322 1.7782280403189377 1.7163835372775782 48.664191536048747 153.10682706036278 115.92122372228187 22.072365365922451 4.2866279494483015 26.828765596248559 0.95479935035109775 4.5724659139523265 16.722485768375922 2.0970165440812707 92.990141415295511 13.344976064108776 4.9855653851991502 3.4036617991514495 4.3969688393408433 24.079517287354975 2.2430996244074777 9.5648143832877377 3.7637237422168246 4.4463222345802933 7.8596386823337525 2.9455326285678893 9.1867290130467136 0.93786923773586828 3.1168189579620957 1.9807127574458716 7.9578063942026338 25.662617119116476 13.229119708994409 3.6167896691476917 4.913329533301293 4.7373294406570485 1.2285982004832474 11.854754043917634 13.867404198274015 21.170194351841928 7.6695469184778622 13.364833998326501
leaf_count=34535 489 1546 3206 97 2796 506 5686 1714 166 193 1561 269 574 742 126 60 222 99 1131 764 220 36 97 55 5450 36690 2875 257 159 1431 31 79 218 42 12235 289 259 134 84 1083 80 299 67 149 122 89 564 36 71 41 97 911 555 72 234 247 34 332 501 619 89 656
internal_value=-0.000110651 -0.00602638 0.00647554 -0.00293002 -0.0036207 -0.00511671 -0.00598678 -0.0080923 0.00801002 0.00299561 -0.0130158 0.00669402 0.0109983 0.00721136 -0.00687536 0.00667505 0.00740575 -0.00268869 0.0132522 0.0188903 -0.0284081 0.019878 -0.0124342 0.0120967 -0.00421128 -0.0149735 0.0117047 0.0167514 0.02854 0.0121488 0.00977004 0 0.0224173 -0.0220596 -0.0153228 -0.00777146 -0.017337 -0.0308038 -0.0423672 0.0044401 -0.01335 -0.0101441 0.026872 -0.0418273 0.0041148 0 -0.0116264 0.0178392 -0.00689301 -0.0277006 0.0138865 0.00937169 -0.00177154 -0.00795689 -0.0159382 -0.0245415 -0.0496071 0.0291544 0.0128354 0.0145433 0.0041782 -0.00303838
internal_weight=1260.49 664.488 596 495.05 486.841 445.564 431.931 356.008 546.372 205.395 43.6898 19.2633 340.978 232.134 55.7409 31.737 161.705 59.1908 102.514 108.843 24.4265 72.5335 40.5688 29.8755 233.141 169.438 176.393 28.1592 51.5855 41.2766 57.2577 32.8712 24.3865 11.1158 122.867 38.0121 24.6672 15.0293 11.6256 72.7437 6.64007 49.6275 23.4317 6.54334 9.63787 6.70926 102.177 18.622 5.82939 5.14711 58.1891 50.2313 24.5687 21.7592 18.1424 24.004 5.96593 12.7926 171.993 158.126 42.2046 34.535
internal_count=124071 104333 19738 66097 66000 61773 61267 55581 16233 7311 2257 476 8922 6750 1521 498 5054 1825 3229 2172 1781 2098 1164 438 41068 38236 5229 383 923 4227 1249 844 405 270 14513 1065 776 557 423 6533 164 3505 374 191 219 156 12799 661 293 207 1905 1808 897 861 789 1023 281 368 4740 4239 1364 1275
is_linear=0
shrinkage=0.05


Tree=35
num_leaves=63
num_cat=0
split_feature=192 22 27 176 28 175 168 1 189 92 94 35 28 10 191 95 140 89 130 166 19 12 51 40 93 27 155 91 166 91 89 28 190 95 85 61 16 80 13 85 35 190 190 34 140 97 152 15 174 79 175 11 82 40 158 35 90 25 140 86 118 17
split_gain=26.1908 7.67325 7.1639 5.36491 5.29488 4.34807 4.09205 3.81927 3.66158 3.54397 4.07173 3.2113 3.17069 3.84098 2.94267 3.10807 3.93156 3.48637 3.54499 4.17841 3.39584 3.20035 3.18911 2.76315 3.06966 3.36743 3.56802 3.78038 3.75922 3.51108 3.6387 3.73274 3.40378 3.09086 2.91161 2.80771 2.7004 2.6686 2.64069 3.36141 2.57306 2.57239 3.69516 4.76232 4.93153 3.90755 3.9661 3.76031 3.32612 3.90278 5.07666 3.16681 2.56243 2.53876 2.53864 2.53647 2.52422 2.46356 2.61543 2.461 2.45443 2.40816
threshold=0.72408277404921717 0.82346745370873464 0.14267945407050539 2184.8780668180675 0.012716849486133655 5.7266850866967376 291421121.05000007 0.015384615384614423 0.52006711409395978 0.3257016339601238 0.84887544381705482 0.56903797784758614 -0.014622209327848129 1.0161832238584505 0.083752328791721856 0.024014901086225591 1.1636983788400082 -0.0071548923724169666 1.1821251086691285 348900398.00000006 0.97957513394862772 0.10155594547743443 0.58489199362893352 0.0064276719892314114 -0.030629710209832923 0.062024810998292261 -0.039570613948573356 0.22097589354553979 45379852.000000007 0.083227951028506067 0.86227026623117486 0.02316364633785176 0.811040268456376 0.7175699081867366 0.4250000000000001 0.81805297247988584 0.91962863088412805 0.075000000000000025 1.0242271027712861 0.87500000000000011 0.27035775348240548 0.86789709172259522 0.93478747203579438 0.018514692952141091 1.0410288544712742 0.60745998969466053 0.45091368444778862 0.85391984590212566 -69.526481413663205 0.55000000000000016 16.649613895947144 0.95967741935483641 0.89166666666666672 -0.0033343558426686087 285.3611277120001 0.68894820574117122 0.6703777404609369 0.0326811877240843 1.5299341255965648 0.88333333333333341 0.67095615022844302 0.85249565538611172
decision_type=2 2 2 2 2 2 2 2 2 2 2 2 2 2 2 2 2 2 2 2 2 2 2 2 2 2 2 2 2 2 2 2 2 2 2 2 2 2 2 2 2 2 2 2 2 2 2 2 2 2 2 2 2 2 2 2 2 2 2 2 2 2
left_child=7 3 5 6 9 57 14 -1 12 -4 -11 -6 -7 53 -2 16 -16 21 41 20 -20 -17 -21 24 34 29 -27 36 -29 55 31 33 -30 61 -10 -32 -28 -24 39 40 -34 -19 45 44 48 46 -43 -48 -44 50 -50 -45 -38 -14 -22 -26 -37 58 -3 -42 -35 -31
right_child=1 2 4 -5 11 8 -8 -9 23 10 -12 -13 13 -15 15 17 -18 18 19 22 54 -23 37 -25 25 26 27 28 32 30 35 -33 38 60 -36 56 52 -39 -40 -41 59 42 43 51 -46 -47 47 -49 49 -51 -52 -53 -54 -55 -56 -57 -58 -59 -60 -61 -62 -63
leaf_value=-0.020618598041133213 -0.010232455620829724 0.0087827558549763533 0.028107127024864072 -0.044803001763355346 -0.053317391341407387 -0.020863335694779907 -0.026019835250381075 -0.0081306334684603399 0.029069132305558926 -0.0021937810732835868 0.042954100080357785 0.0076722391552675063 0.0038084926427742385 0.0070832494863673186 0.0068850908352910125 -0.0058583295754792231 -0.046020635374409986 0.021583009040911386 -0.060743911433685141 -0.033629438982854247 -0.031401022204661719 0.034263400998341166 0.026242537717315065 -0.030052837990589422 0.035518632613375102 0.010777169170310061 -0.0076892095970271723 -0.037277401873972472 0.020144646912329815 0.02565888917689358 -0.033534980673746086 -0.047618484431034731 0.00075527967422099737 -0.039580057832330651 0.0020571464993245567 -0.025038436322646841 -0.063748344004703472 -0.0087543328377612788 0.017054557205614197 0.019333083491627864 -0.040016004978681095 -0.029942721831425885 0.018283847825766222 0.012539269430759829 0.026251314133476752 -0.049589585042826179 0.020256420734441519 -0.035542471115160255 0.013363166409437908 0.024456159639099015 -0.06778346310672502 -0.050307387688024688 0.00064714950670874069 -0.024899577778695562 0.014804878897726803 -0.020001511957695034 0.036828931570375339 -0.014890799633863592 -0.020798554458192977 0.01028972772177434 0.024352119943348058 -0.0013152956049127162
leaf_weight=76.61473531185402 12.565133068361318 27.076468906372611 42.546596488158684 3.2489590651821336 3.3722133280243716 25.87749642370909 6.0227101667551315 323.0992813075045 24.002792973828036 27.236480450595991 5.0493205431848756 3.5922969714738429 11.281583728035914 52.876156517802883 12.283237538533287 5.2460752548649898 3.759983798256143 88.98500940669328 3.2485527360113329 2.6637598763918531 4.3571864172699843 33.83144506678218 17.59247564338148 4.4422875579912207 16.657586838584397 34.043566900247242 8.5044504751567711 5.9006069790339088 16.555182649230119 11.734255392104386 1.0028904424980272 3.1736178842838845 8.430752276675781 5.6162291528780761 17.569406066628289 1.0571060427464534 5.6888720791903316 6.8638135916553429 8.2900821947259811 5.440281296381726 13.796192121022615 6.3019038005732062 8.0040846080519277 2.8831486820708951 56.670324983773753 3.1754090194590381 19.479801892302934 2.5530605049571014 2.3813161570578796 2.3205884280614555 4.5338024059310555 3.441070226021111 1.7849390362389383 20.231867599442921 5.6216333410702646 1.5618774553295214 13.781119444407521 74.811185588729131 9.1652645440808538 2.3033558290917417 1.1042644392000509 22.461526635917835
leaf_count=23762 530 2281 656 100 143 1440 399 67043 504 1065 49 58 490 2330 485 96 270 1969 165 74 276 480 302 212 265 921 231 274 481 253 38 132 216 339 572 54 274 197 192 98 506 214 90 57 689 109 300 92 25 21 130 121 48 1752 157 54 232 7283 1289 63 42 891
internal_value=-2.63745e-05 0.00490318 0.0012471 0.0110492 0.014783 -0.00119586 0.0117816 -0.0105822 0.00156555 0.0187501 0.00579522 -0.0242177 -0.00589596 -0.00105718 0.0126167 0.013634 -0.00719355 0.0148658 0.0124867 -0.000904561 -0.0230726 0.0287406 0.0101657 0.00509944 0.00592554 0.00314142 -0.00243094 -0.00842142 -0.00245665 0.0110315 0.00487795 -0.00251677 0.00180273 0.00191478 0.0180871 0.0246836 -0.029313 0.016266 -0.00631732 -0.0132855 -0.0211894 0.0151943 0.00991609 0.0155737 0.019221 -0.00437195 0.00204277 0.0123112 -0.00378716 -0.0233209 -0.0410499 -0.0231734 -0.0495175 -0.0146675 -0.00593767 0.0297059 0.0308031 -0.00976077 0.000810004 -0.0323455 -0.026634 0.00826485
internal_weight=1255.77 856.055 538.02 318.034 81.7969 456.223 314.786 399.714 345.17 74.8324 32.2858 6.96451 110.267 84.3896 308.763 296.198 16.0432 280.154 241.077 40.3474 13.2274 39.0775 27.12 234.903 230.461 188.889 110.738 76.6947 60.7165 78.1505 59.931 44.0899 54.8158 40.9163 41.5722 15.8411 15.9783 24.4563 38.2607 29.9706 24.5303 200.73 111.745 80.2343 73.9101 31.5102 28.3348 22.0329 17.2398 9.23571 6.91512 6.32422 7.47381 31.5135 9.97882 18.2195 14.8382 111.053 36.2417 16.0995 6.72049 34.1958
internal_count=123881 33076 25728 7348 1971 23757 7248 90805 12904 1770 1114 201 6012 4572 6849 6319 755 5564 4988 1171 598 576 573 6892 6680 5604 3304 2383 1830 2300 1981 1657 1556 1525 1076 324 553 499 1075 883 785 3817 1848 1133 955 715 606 392 266 176 155 178 322 2242 433 319 286 10853 3570 569 381 1144
is_linear=0
shrinkage=0.05


Tree=36
num_leaves=63
num_cat=0
split_feature=192 52 27 182 168 1 189 122 92 114 189 47 20 35 97 47 17 113 10 189 101 90 38 173 125 27 84 142 192 89 169 166 130 122 93 101 27 56 168 69 173 141 158 52 34 10 189 170 192 137 142 142 109 190 17 164 27 185 192 12 143 131
split_gain=24.7618 7.29843 5.13612 4.19567 3.47714 3.42435 3.40372 3.16008 3.19167 3.40006 6.84474 3.41952 2.98197 2.85591 3.07633 2.79579 4.11804 3.89524 4.03182 3.05817 3.38877 3.84724 3.2348 3.2114 3.36725 2.72634 3.03714 2.70004 4.17614 3.65532 3.07541 3.05096 3.93941 3.89023 3.66465 3.69108 3.515 3.27809 2.72909 2.69065 2.68285 2.58977 2.58038 3.25511 3.22746 3.15655 2.5764 2.79252 3.18392 3.79128 2.97245 2.59011 2.5447 2.53667 2.53259 2.51948 3.61253 3.10272 2.94112 2.46379 2.41712 2.99995
threshold=0.72408277404921717 0.71320426417056271 0.12762212787087085 5.6019311700000012 316486763.65000004 0.015384615384614423 0.88461968680089498 0.49321573809659974 0.25863980005516657 0.82499999999972717 0.887964205816555 1.029046170884004 0.93987037252351047 0.92366655400537889 0.34528003655437162 1.3048550705259656 0.60531953247938874 0.7796610169484065 1.0035714285713293 0.35845996722856954 0.51666666666666672 0.7153139197530034 0.027911306624648094 199.64716524659511 0.37415136694577039 0.039403934550343959 -0.44999999999999996 1.1752701467100024 0.92475391498881443 -0.036723857489282148 1.0974702905787572 1492940384.0000002 1.2137497185457184 0.33926156120836842 0.16058828755073448 0.45000000000000007 0.089146695975370213 0.95082331160956379 26449434.525000002 0.77565630460674062 60.170371858998145 1.0163349811813216 678.75081391200058 0.84190984979620009 0.0090386134491772033 1.0490702379876684 0.90134228187919474 83.568016916597642 0.8913087248322149 0.29209962869691447 1.2089821119199506 1.9818266151983559 0.45000000000000007 0.85117449664429545 0.80292937871271675 -12.581725094676285 0.07549166211361065 -2.9015992449999852 0.96488814317673388 0.10744124149296463 0.63121424871270282 0.58899982413562868
decision_type=2 2 2 2 2 2 2 2 2 2 2 2 2 2 2 2 2 2 2 2 2 2 2 2 2 2 2 2 2 2 2 2 2 2 2 2 2 2 2 2 2 2 2 2 2 2 2 2 2 2 2 2 2 2 2 2 2 2 2 2 2 2
left_child=5 4 3 -3 6 -1 15 8 42 10 25 -11 -12 27 -15 16 40 19 -19 -18 21 22 -21 -22 59 -10 -27 28 38 -29 -30 32 33 36 53 -36 -31 -34 -8 -24 -2 -17 45 44 -44 -5 47 48 50 -50 -9 -52 -42 -35 -28 58 -57 -58 -51 -25 -4 -62
right_child=1 2 60 7 -6 -7 13 46 9 11 12 -13 -14 14 -16 41 17 18 -20 20 23 -23 39 24 -26 26 54 29 30 31 -32 -33 37 34 35 -37 -38 -39 -40 -41 52 -43 43 -45 -46 -47 -48 -49 49 55 51 -53 -54 -55 -56 56 57 -59 -60 -61 61 -63
leaf_value=-0.019875121065483503 -0.016583900811639799 -0.011062315368127074 0.018258406921464992 0.023189543666268186 -0.026426605091324159 -0.0079621886618765157 -0.020681566418493069 0.00099105834069992678 -0.040085201311522933 -0.015214458093394841 -0.042529889040649478 0.038344191015844804 0.0011111830065004184 0.010462131747184588 -0.053701315420276945 -0.023455001735347605 -0.032522072574860464 0.012486732472572686 -0.047429993669180916 -0.032309095799936849 0.0086084901699174723 -0.022970813158135019 0.025062041889851144 -0.0069184262283331025 0.011712120410927999 -0.014906128434562668 -0.0098106894066184273 0.037447738550071934 -0.050629230263016481 -0.044173552389345741 0.0015598504447787542 0.024383980652012648 -0.060810017149001194 0.016448866498085742 -0.035080036137775092 0.026447216795120909 0.0044339604535156042 0.0011164660056792652 0.026404540215682143 -0.020435396277901498 0.014377957412960399 0.02824293312449154 -0.036491569674340911 0.024443009372834557 0.025851684825412127 -0.026782562399983376 -0.043189338385064585 0.024882532501596187 -0.025708903390570404 0.03532050101314211 -0.033365544039427493 0.0069286801141791414 -0.033320040613959066 -0.056530524862760057 0.014885365747147165 0.013624870590121642 -0.044319606717323545 0.0049455386701903114 -0.016071803868719935 -0.044829712039263614 0.020166642629249672 -0.033387533758604669
leaf_weight=75.387800032940504 7.2514124067965886 94.196728217251803 48.67037079975853 44.357838350850216 5.6632241813349529 322.25595082408836 3.0251528997905579 14.69185659685172 2.4626987125957376 3.4074611708056173 12.640627775508621 9.2568446849472803 5.1112839571433133 3.6907389089465132 2.1717083756811917 1.8770700513850922 5.5298826166545032 3.4191210657590982 7.9103212853660807 2.0835848083952433 17.53320161026204 5.7768686435883856 35.742750340468774 8.3093879453335884 6.0145365160424253 14.136799448617237 12.004758733790366 21.763184327981435 4.277907917974515 3.5190132376737919 5.5637212614528835 54.234868192696013 2.4755929394159457 1.3684314503334456 1.6612348686903704 46.51836027612444 19.689823572058231 5.0637769465101883 12.917883025249465 2.7014262281008987 97.527492205437738 19.627784309617709 7.0903247431633627 5.2243270605540593 1.8979137139394877 2.486321452422998 3.4420497836545101 6.697409246407914 9.118638300104065 11.522989358287303 21.681034357843604 4.2293397954745151 1.8965069330297399 1.67245477437973 50.436086396970495 17.018666832009334 5.7670578213874251 5.4063582325034059 2.7919960252474985 9.9805855600861815 3.8059239958529343 4.7229241380700842
leaf_count=23762 700 10714 1021 949 474 67043 126 745 225 127 445 115 147 60 75 62 394 104 420 111 684 308 779 321 128 852 544 203 151 131 98 784 76 26 57 638 337 109 178 97 2440 397 378 133 20 89 140 161 284 122 1814 280 105 60 1636 389 235 143 60 437 73 165
internal_value=7.30339e-06 0.00481552 0.000152034 -0.00201884 0.00941073 -0.0102775 0.00996379 0.00111364 0.00528704 0.000104248 -0.00311598 0.0235089 -0.0303086 0.0149469 -0.01694 0.00584385 0.00401273 -0.00297029 -0.029396 0.000449763 0.00291607 0.0121534 0.017713 -0.00723579 -0.0187519 0.00323119 0.00518743 0.0160775 0.000831477 0.0185137 -0.0232417 0.015201 0.00884419 0.0124404 0.0200353 0.0235539 -0.00424981 -0.0233718 0.0164816 0.0213012 0.0108964 0.0226666 0.0143463 -0.00382391 -0.0215566 0.0199283 -0.00577351 -0.00400242 -0.00639802 0.00177682 -0.0167054 -0.0265895 0.0130956 -0.0265084 0.00997873 0.00824339 -0.000436024 -0.0216234 0.0245755 -0.0291168 0.0139649 -0.00935632
internal_weight=1250.38 852.736 424.277 367.077 428.459 397.644 422.796 272.881 170.513 109.457 96.7923 12.6643 17.7519 189.614 5.86245 233.182 211.677 105.002 11.3294 93.6722 88.1423 46.3046 40.5278 41.8377 24.3045 79.0403 76.5776 183.751 25.7847 157.967 9.84163 136.204 81.9687 74.4293 51.2205 48.1796 23.2088 7.53937 15.943 38.4442 106.675 21.5049 61.0567 14.2126 8.98824 46.8442 102.367 98.9253 92.2279 51.6257 40.6022 25.9104 99.424 3.04089 62.4408 42.5071 28.1921 11.1734 14.315 18.29 57.1992 8.52885
internal_count=123881 33076 22006 20747 11070 90805 10596 10033 5660 4091 3849 242 592 3109 135 7487 7028 3783 524 3259 2865 1295 987 1570 886 3257 3032 2974 553 2421 249 2218 1434 1249 781 695 468 185 304 876 3245 459 1569 531 398 1038 4373 4233 4072 1233 2839 2094 2545 86 2180 949 767 378 182 758 1259 238
is_linear=0
shrinkage=0.05


Tree=37
num_leaves=63
num_cat=0
split_feature=26 189 24 140 178 40 161 190 163 47 91 140 158 189 127 68 158 141 41 23 131 191 30 178 29 96 34 89 26 57 140 25 26 36 141 147 35 117 41 57 170 80 95 82 159 141 85 26 142 82 178 178 135 31 24 3 152 69 71 3 92 142
split_gain=16.9574 9.02198 6.42289 4.10358 3.98321 3.63925 3.43347 3.89387 2.94401 2.91358 4.32706 3.96899 3.64096 3.86985 2.84637 2.99672 2.81394 2.77806 2.69371 2.6789 2.57571 2.55257 3.21273 2.92177 3.32931 2.85316 3.82388 2.80969 2.71786 2.58178 2.49888 2.48813 3.53174 3.12317 2.79872 2.76967 2.52978 4.26622 3.0215 2.84474 2.88076 2.84122 2.42804 2.38149 3.83159 2.37337 2.35907 2.74608 2.29719 2.27008 2.22212 2.69811 3.1585 2.81345 2.21815 2.4629 2.20769 2.20234 2.37288 2.82271 2.19088 2.63569
threshold=0.07355707523638215 0.48748049052396886 0.04792481555110318 1.0260506870368336 0.027087790076417987 -0.0042094739224958549 1013.8905385765984 0.015044742729306488 32.259876956667945 1.0537928359878477 -0.013044505882725809 1.6362253205955046 408.49987310100033 0.61371364653243854 -0.048364880319360641 0.86597938144280262 142.67303287200005 1.7567926579298176 0.88152035861388767 0.0089936739965844319 0.8153646092999659 0.85451901565995547 0.035456337407774485 0.03143528048521417 0.42921013412682818 0.65290193218450943 0.014448565691884355 0.45235110353175539 0.095193051135761972 0.89232326340995016 1.5382332145801678 0.054768065976832238 0.040336749799582072 0.026348032975782556 0.8672680858354781 0.49870792159580374 0.32669417924158917 0.61084625373220158 0.40780063937917804 0.96860916503022276 70.440251572326972 0.37500000000000006 0.24483869442487341 0.15833333333333335 169.78903111849999 1.0325608990895641 0.67500000000000016 0.11060223744952564 1.3285055944758419 0.67500000000000016 0.055519207836859832 0.076259111758791756 0.43010341380798989 0.022669630093700658 0.038071691992546973 0.01466480446927289 0.4921903083930807 0.75280898876394631 0.84999999999863862 0.011981566820276152 0.2837402399727959 1.4573495079144061
decision_type=2 2 2 2 2 2 2 2 2 2 2 2 2 2 2 2 2 2 2 2 2 2 2 2 2 2 2 2 2 2 2 2 2 2 2 2 2 2 2 2 2 2 2 2 2 2 2 2 2 2 2 2 2 2 2 2 2 2 2 2 2 2
left_child=1 3 8 4 -1 18 7 19 30 21 11 12 13 56 -4 20 -13 50 49 -2 42 23 -23 27 46 26 -26 29 -27 -9 31 32 54 35 -34 -33 37 39 -38 -36 -41 -42 -16 44 -32 -10 47 -25 -7 -5 -8 52 53 -52 55 -3 -11 -12 59 -59 -40 -62
right_child=6 2 14 5 -6 48 17 9 45 10 57 16 -14 -15 15 -17 -18 -19 -20 -21 -22 22 -24 24 25 28 -28 -29 -30 -31 43 33 34 -35 36 -37 38 -39 60 40 41 -43 -44 -45 -46 -47 -48 -49 -50 -51 51 -53 -54 -55 -56 -57 -58 58 -60 -61 61 -63
leaf_value=-0.0099949362846413967 0.012539770368748555 -0.0054606057340695858 -0.029131974890428715 -0.02177373411271244 0.010583869149833404 -0.011370040185111237 0.027147450244881813 0.043504835100447725 0.010501119365336022 -0.0076195407409733202 0.0018429575889898995 0.014766070109064028 0.034140158792085519 -0.035334174457073063 -0.012235715448913755 -0.0011349198402296713 -0.038493353165976379 -0.035526339349837149 -0.033164862171564426 -0.058452311305482535 0.0034419568059660894 0.027057887579155074 -0.031027882919566013 -0.028107796113705032 -0.007235896348457233 -0.022976879549232873 -0.060741039266035496 -0.011237151222189675 0.030806940134828254 -0.01040633692791805 -0.019287517057132896 -0.030195343483339705 -0.029424253715265483 -0.048847185400341497 0.036032829454018318 0.0068346506298136746 -0.010298064306078936 -0.022454528857420192 0.021650954345723991 0.018534081085278233 0.019465509594638303 -0.031238048382207409 0.028845888421496147 -0.017650038362307784 0.015189404470521112 -0.038387284231333071 0.029176167401965748 0.02383449101298607 -0.024356135038171359 0.020292505478227269 -0.066099466987951369 0.023265933758767766 0.023048411657465524 0.0049925824189208934 -0.02997999452625796 0.0077516452225536705 0.024368578706716493 -0.0014994270067912297 0.008596637855566561 -0.049862727544039837 0.012620049753637645 -0.021353460006918998
leaf_weight=75.297029837771333 1.4120718261692662 151.64251535476433 3.1227005980908862 3.0900545065596878 32.87542559843132 64.748322547528005 42.332956271828152 11.820593006210403 2.6403928305371656 6.8799913233961041 163.52698568167034 3.584444849402642 24.623401968507096 3.5189017251977921 3.2069380257744333 24.861713466532819 4.5244467020966113 1.2775287942495186 3.0942186035681507 2.8687302691396326 19.711534650530666 37.991954441531561 1.6434414493851353 4.3840748639777321 22.43398922204506 2.4256008544471097 3.0843316321261218 3.5282727738376698 6.7222533728927374 2.1053333920426658 13.145568127976732 6.6015123274119167 4.1367349369102149 4.5279623039532444 17.234547625179403 13.884313204984208 30.13209092539546 5.8888537865714161 20.082033885733836 33.126923930125486 3.6256634889105026 5.8917538806272205 41.433722732210299 44.216436938220795 17.715533526570653 8.8203540852991846 13.58233856060542 3.7942649484612048 85.036835575792793 14.06473684607772 2.5591387776657921 7.343890112824738 2.2445379850687459 1.869825175963342 6.6377736083813934 44.695242935034912 16.80286027136026 5.7968721477664094 5.6720676457043728 6.0094887660816312 13.339181057624957 8.467743571931349
leaf_count=18286 19 27527 166 309 1658 12037 800 177 166 294 7121 185 273 128 199 844 187 126 457 118 747 622 52 180 638 83 125 156 69 108 2369 441 465 278 420 633 2952 478 1070 1614 174 478 951 6730 1064 1146 216 59 19750 908 72 86 26 35 644 3696 558 357 103 315 921 1015
internal_value=8.00629e-05 -0.00405829 -0.000325533 -0.0113761 -0.00365523 -0.0162086 0.0083018 0.00642534 -0.00277268 0.00705381 0.0038845 0.0154092 0.0205187 0.00723774 0.0116181 0.013407 -0.0153652 0.0195888 0.0033348 -0.0361478 0.0190331 0.0136444 0.0238221 0.0078723 0.00208836 -0.00738692 -0.0159381 0.0251736 0.0151943 0.0348684 -0.0020844 -0.000372046 0.000736711 -0.0152929 0.00677358 -0.00571545 0.00810052 0.0151214 0.00150146 0.0192071 0.0116227 -0.0114328 0.0255817 -0.0103398 0.000202282 -0.026784 0.0170641 -0.00349362 -0.0188884 0.0116578 0.0215231 0.00352794 -0.0177426 -0.0397736 -0.00347241 -0.00240353 0.0149411 0 -0.0163621 -0.0284783 0.010148 -0.000710657
internal_weight=1243.36 826.996 548.79 278.207 108.172 170.034 416.365 358.737 456.453 354.456 240.939 59.934 51.8252 27.2018 92.3366 89.2139 8.10889 57.6279 20.249 4.2808 64.3522 113.516 39.6354 73.8811 56.4269 34.6662 25.5183 17.4542 9.14785 13.9259 444.992 369.915 344.901 25.0138 141.926 20.4858 137.789 65.7677 72.021 59.8789 42.6443 9.51742 44.6407 75.0775 30.8611 11.4607 21.7607 8.17834 149.785 17.1548 56.3503 14.0174 6.6735 4.42896 202.976 196.338 23.6829 181.005 17.4784 11.8064 41.889 21.8069
internal_count=123881 110593 57188 53405 19944 33461 13288 12143 54281 12006 9521 1625 1253 980 2907 2741 372 1145 1674 137 1897 2485 674 1811 1370 915 763 441 152 285 52969 42806 41454 1352 9587 1074 9122 3164 5958 2686 2266 652 1150 10163 3433 1312 455 239 31787 1217 1019 219 133 107 31867 31223 852 7896 775 672 3006 1936
is_linear=0
shrinkage=0.05


Tree=38
num_leaves=63
num_cat=0
split_feature=192 22 176 175 112 135 176 142 16 188 168 25 158 41 12 101 21 25 166 12 190 191 46 182 175 12 97 88 133 192 173 166 56 75 23 143 15 0 176 12 139 51 192 175 44 177 35 175 12 146 97 172 37 97 67 133 58 117 38 142 42 167
split_gain=20.8009 5.93417 4.57934 3.14329 3.62059 3.122 3.07845 2.97618 3.07976 2.9177 2.8719 2.73028 2.66612 3.59957 2.64019 5.02765 3.80895 3.66906 4.19489 3.70557 3.58596 3.13163 3.25348 3.12296 3.1931 2.81456 2.66567 2.69765 2.66028 2.55346 2.53071 2.94987 5.44931 3.73598 3.8349 3.35132 3.32783 3.20969 3.18793 3.71275 3.28548 3.15829 2.5052 2.50096 2.49493 2.46698 2.40581 2.38828 2.36608 2.49242 2.31152 2.2834 2.23218 2.22608 2.22307 2.21786 2.20709 2.19755 2.19748 2.16368 2.12137 2.11957
threshold=0.72408277404921717 0.82346745370873464 2184.8780668180675 13.6134561288903 -0.27499999999999997 0.69266418793070528 1876.8554639380129 1.701383992943011 0.77697243313496001 0.98664437012263118 291421121.05000007 0.037870440552225881 125.9272597010001 0.62169752907235332 0.096128060626833725 0.45000000000000007 0.98708657767061436 0.030102797592913552 -57044169.999999993 0.24058859987366862 0.77759507829977637 0.97492170022371372 1.2886186662728696 13.866568959999997 5.844650209197586 0.99297456500633563 0.58613628992907352 0.71887624436445663 0.23777963785325615 0.85451901565995547 307.14135661929311 443694382.00000006 0.99389763779525797 0.32500000000000001 0.021724194116584689 0.48244591762539141 0.90439770554492915 -0.045834372402325581 351.94406512425252 0.073150749505458176 1.1476411052476971 0.95238095238075138 0.34505959462189406 50.175201540077005 1.0861349124802182 0.027702763621168362 0.14739708730005777 16.24299640572821 0.97922112538620298 0.58647499439330619 0.56601476421267061 124.24825533759783 -1.0000000180025095e-35 0.27851198293814827 0.16250000000000001 0.25185216304813968 0.96006295500877559 0.52173913043459585 0.080817081591947768 3.2161191400379638 -0.0017778751292417091 380232638.10000008
decision_type=2 2 2 2 2 2 2 2 2 2 2 2 2 2 2 2 2 2 2 2 2 2 2 2 2 2 2 2 2 2 2 2 2 2 2 2 2 2 2 2 2 2 2 2 2 2 2 2 2 2 2 2 2 2 2 2 2 2 2 2 2 2
left_child=5 2 6 4 12 42 10 8 57 14 11 -2 13 -3 15 16 -6 20 -19 26 -16 22 23 24 -21 28 27 45 58 55 -10 32 36 34 41 -36 -32 -37 60 40 -40 46 54 47 -27 -20 -34 -35 49 -39 -22 59 -29 56 -1 -17 -24 -5 -26 -13 -33 -44
right_child=1 3 -4 7 9 -7 -8 -9 30 -11 -12 51 -14 -15 17 29 -18 18 19 21 50 -23 53 -25 25 44 -28 52 -30 -31 31 38 33 43 35 37 -38 48 39 -41 -42 -43 61 -45 -46 -47 -48 -49 -50 -51 -52 -53 -54 -55 -56 -57 -58 -59 -60 -61 -62 -63
leaf_value=-0.023622870268243848 -0.015552142206706138 -0.027125408374810672 -0.042926405710159467 0.023398203155453916 0.032061009883584783 -0.023636267350325802 0.04363436125100717 -0.0060813843052520558 0.03024567894021887 -0.031983751588023974 -0.022725848191938749 0.012287678573987224 -0.02125164802016714 0.045854081667061064 0 0.0060120569454552592 -0.022724593621461855 -0.030942105187720684 -0.0076074409583639343 -0.018597618754130813 0.031637610410167182 0.020502903751790952 -0.027033244421606657 -0.049891028657562342 -0.031576507390292941 0.036572168846177804 0.027113223760075713 0.0061603112752096761 -0.024360381688309164 -0.061546791825333236 -0.050792741899316513 -0.031975070673172755 0.015925933946450723 -0.022262746146247906 0.001425802011035939 0.012972964109623113 -0.0022265095369224247 -0.076033288330047022 -0.016279682607317165 0.024039467254581455 0.018603024742401449 0.029691623486680804 -0.0056644573724787851 -0.020301728584796421 -0.0086416991583951677 0.020326660695613188 -0.025979532527908036 0.024508311324749135 0.0065616438754084669 0.013070944918352818 -0.020911922100635832 -0.034414005170843635 -0.034179659282531555 -0.00936565419975534 -0.0089308157217515716 -0.040336330741666454 0.029298697280243015 -0.041155814048764498 0.012263658704193936 -0.025830316882721346 0.019462358765024237 0.022265387498242015
leaf_weight=38.67673218269374 8.7205898053944093 1.2700752327509679 3.0397599795833221 0.93407123163342376 5.963312142761426 34.684448647647514 6.0891551068052641 43.770239999972546 12.658930943580343 7.6665645155590019 5.630836511089 283.10947839665459 1.8660950947669324 8.4927825606428069 31.019471161696856 4.8388691304135119 4.8053806064126547 12.450230497270239 11.70494453938227 51.539164022313344 18.863610307977073 8.7652718138415349 1.140952506102624 4.4902657999191424 2.4558638514718103 7.1371987165184674 13.491708728430238 5.3453699665842578 12.957803791759941 5.3292925119167185 6.2739719058845349 5.0864740038996388 5.1197897325619142 2.086818618932738 7.4525119464960872 1.5721676175016899 7.4768510330432036 5.3024429243814657 12.756042019056624 55.593955913591344 12.232381219993838 9.1087187682860513 228.59202183406524 3.139276182595494 4.123842192828306 19.901050460692204 6.7239022634639696 33.491765923012281 0.96072901040315617 0.48732490697875608 1.5322967201354902 1.7043658941984166 6.7791246550914348 9.033451870625866 85.862360695837197 3.7478412446653238 10.909266164293511 4.1948929828431574 15.111110888414258 2.7872563573764628 2.0583695678506038 5.9659339537902261
leaf_count=12401 537 71 100 6 121 9359 42 2057 161 304 398 6098 132 128 2851 324 461 1013 745 5756 566 436 43 194 155 149 482 209 741 330 255 304 122 123 180 25 214 268 813 1006 442 226 43330 186 203 640 244 715 21 7 84 59 362 458 25232 367 286 153 549 114 40 483
internal_value=6.57002e-05 0.00450396 0.00997881 0.00127574 -0.00218116 -0.0094024 0.0106543 0.00553129 0.00818505 -0.00336215 0.00983086 0.0105407 0.0239764 0.0342573 -0.00242783 -0.0177004 0.00733522 -0.000827446 -0.00395202 -0.00195093 0.0109161 -0.00669935 -0.00890069 -0.0127436 -0.0103933 0 0.00849015 0.00215509 -0.00797977 -0.0366019 0.0092897 0.00760063 0.00110555 0.00651517 -0.00475844 -0.0227401 -0.0266655 -0.0427475 0.0140612 0.0169486 0.000662538 0.00897142 -0.00795187 0.0171857 0.0202525 0.00991218 -0.00764578 0.0210947 -0.0563692 -0.0669765 0.0266631 0.0114003 -0.0168996 0.00847138 -0.0136852 -0.0157934 0.0219191 -0.0266842 0.00449492 0.0118099 -0.0159724 -0.00484134
internal_weight=1236.08 842.295 311.081 531.214 292.732 393.781 308.042 238.482 194.711 281.103 301.953 296.322 11.629 9.76286 273.437 24.6847 10.7687 248.752 197.337 184.886 51.4154 127.664 118.899 97.8152 93.325 41.7858 57.2222 43.7305 30.5248 13.916 189.582 176.923 89.1963 75.4454 36.7276 15.7752 13.7508 8.32266 87.7272 80.5824 24.9884 20.9524 359.097 38.7179 11.261 31.606 11.8437 35.5786 6.7505 5.78977 20.3959 287.601 12.1245 21.0837 124.539 8.58671 12.0502 5.12896 17.567 285.897 7.14484 234.558
internal_count=123881 33076 7348 25728 18160 90805 7248 7568 5511 17829 7206 6808 331 199 17525 1603 582 15922 12421 11408 3501 8970 8534 7747 7553 1797 2438 1956 1445 1021 5352 5191 2586 2117 1093 501 469 321 2605 2261 1255 592 81446 1024 352 1385 366 838 296 275 650 6271 571 787 37633 691 329 159 704 6212 344 43813
is_linear=0
shrinkage=0.05


Tree=39
num_leaves=63
num_cat=0
split_feature=192 26 109 95 134 189 158 188 50 175 140 178 50 102 45 96 139 46 38 33 167 26 142 190 94 94 89 134 177 40 163 96 175 139 175 170 188 67 94 82 140 85 85 26 143 190 192 184 94 148 49 137 38 38 150 38 134 96 97 172 99 166
split_gain=19.4608 4.86123 4.53154 4.34557 3.421 3.39284 3.24367 3.06298 3.18266 2.99893 2.91994 2.82751 2.78261 2.67307 3.07151 2.67456 2.66226 2.62848 2.61868 3.04897 2.60037 3.05637 2.70501 2.51964 2.93018 2.48678 3.80522 2.38073 2.35955 2.35312 2.33173 2.32638 3.85637 3.68789 3.80462 2.84886 2.44137 3.98605 2.93275 2.27336 3.51572 2.53269 2.24211 2.2363 2.96922 3.89873 3.87981 4.82675 3.92979 3.0205 2.64513 2.50077 2.28491 2.55939 2.28245 2.25396 2.45341 2.57389 4.22231 3.43193 2.723 2.27933
threshold=0.71739373601789713 0.07795511469124615 0.25000000000000006 0.25350694065244905 0.42305891688982483 0.57788826288972206 1156.7559085800001 0.98330546265328878 0.76590801174133871 53.773958894512141 0.91397246485106665 0.055519207836859832 0.87331711794935774 0.62500000000000011 1.0540194164024046 0.28188764367534197 0.931795452672043 1.0211577033848103 0.61220888822553399 -0.0035057444038868409 380232638.10000008 0.043795568791715776 1.8024423271833607 0.99498881431767339 0.29163627600203085 -0.12613832145144011 -0.65012405921034155 0.22075749600572073 0.040848970248702335 -0.0068825510521479056 0.025911417318136291 0.15006649515835721 71.782942150403912 1.3427607911921509 25.74898822062487 12.979415546336819 0.52003344481605362 0.94583333333333341 -0.42379137311614712 0.65833333333333344 1.1279517951227802 0.57500000000000007 0.075000000000000025 0.10779917289466102 0.44471467528743974 0.98829977628635357 0.92475391498881443 1.5084236400000075 0.73660613320481139 0.62808026037863984 0.84664243470555955 0.20592268385915077 0.69007354246151531 0.2924993617352179 0.54491048498130057 0.66232785905229152 0.50410125990220489 0.54832894234739371 0.0050148043020080196 59.521763586673892 0.55000000000000016 523281988.00000006
decision_type=2 2 2 2 2 2 2 2 2 2 2 2 2 2 2 2 2 2 2 2 2 2 2 2 2 2 2 2 2 2 2 2 2 2 2 2 2 2 2 2 2 2 2 2 2 2 2 2 2 2 2 2 2 2 2 2 2 2 2 2 2 2
left_child=10 2 4 12 7 -5 9 31 -9 13 -1 -8 -4 14 27 -15 -11 -7 42 -20 22 -22 29 24 -13 26 -16 -3 -28 -12 -31 33 35 34 36 -33 38 -38 -2 40 -6 -41 -19 44 49 46 51 -48 54 -27 -50 -46 53 -51 -49 -45 57 58 -57 60 61 -60
right_child=1 6 3 5 39 17 11 8 -10 16 20 23 -14 15 25 -17 -18 18 19 -21 21 -23 -24 -25 -26 43 28 -29 -30 30 -32 32 -34 -35 -36 -37 37 -39 -40 41 -42 -43 -44 55 45 -47 47 48 50 52 -52 -53 -54 -55 -56 56 -58 -59 59 -61 -62 -63
leaf_value=-0.0026383945253495686 -0.022305748166648681 0.0037351320513077275 -0.033146255187715565 -0.032134294695232345 0.0027456660244541808 0.0035710823184958414 0.028450763986300587 0.0069679717180636362 -0.046589084186535873 -0.052447285382221244 0.034386117536343352 0.014715684505374136 0.0080395437277849778 0.011575180025959147 -0.021269226257559424 -0.04650607247464493 0 -0.013528067083429572 0.022461075934544258 -0.022701623224698514 -0.021871311280984934 0.034527030742934339 -0.022415211999718382 0.021264443921441455 -0.04417898002405176 0.022881308823271315 0.0075925457885878166 0.022398262197922097 0.031890038941438374 -0.01611257844538283 -0.0050934653504873138 -0.022559498021907542 -0.035350379819468807 -0.020829345533005542 0.030418600926826203 0.0022520030910545873 -0.027928661742160972 0.026927370998808289 0.019231814655286762 -0.0058702902474559431 -0.022316517614711786 0.031483210814468643 0.031357962002174077 0.017815493308937669 -0.042455326662942827 0.02870766069459111 0.008926063228631563 -0.076085500096725212 0.018484947749117107 0.011096730946241737 -0.046349966691582249 0.0040615236927233648 0.0088574019385766062 -0.036682283102149375 -0.0047114509016418738 0.019630881534466599 -0.028414684675744359 0.020203585323770201 -0.019241758775060621 -0.052862005292241533 -0.039037907013920584 0.026438625848300097
leaf_weight=121.21787746371047 4.0816197569365604 26.01268189860275 7.6251613050699216 2.7467285866987359 19.322215470921947 27.37464110966539 33.813347305753268 4.1179975480772537 5.6538838865235448 2.8521278668194991 1.9380553364171635 2.9510086781810951 6.9275507594429655 2.7630617248360059 5.346547156572341 3.5100951043423265 6.693306470522657 2.2782381701399563 7.5314500253880396 5.6198855208640435 2.8939346839542832 5.375594372744672 59.133690880238646 6.8120897382032126 3.7401289287954569 15.505712222889995 20.933634336921386 56.199992834124714 21.127293189056218 98.84256543365882 98.444034268497489 11.277745924253393 6.6546970823910661 7.7272926453151731 21.67316354054492 196.00363212265438 10.015583596687064 3.7478433205396859 25.713856316317109 16.923782866560945 45.092604120840406 5.047086654121812 40.955560133734252 33.753195806639269 2.3587096100673106 4.1959365918301037 4.481995839392769 7.406297604669815 3.0664181173779061 3.482504556635833 1.5516437995247541 19.237579570122762 13.014093704347031 7.1795262637315318 1.6275432363618163 10.373125812504442 5.1767465060693203 16.514507404703181 3.4408241608180123 4.3682845991570494 3.0430442697834215 6.0621319608180784
leaf_count=21920 331 517 464 274 1269 785 449 69 200 108 116 45 390 55 209 118 156 131 209 184 710 223 16141 86 118 390 757 887 333 27284 23621 1101 385 586 417 9344 694 83 1200 1400 4417 171 899 891 145 31 162 288 39 127 62 804 411 406 40 175 256 299 84 167 117 131
internal_value=9.61737e-05 0.00436532 0.00108014 0.0104489 -0.00139934 0.0147254 0.00877116 0.00114304 -0.0250036 0.00684886 -0.0091543 0.0209103 -0.0139627 0.00775468 0.00847935 -0.0221621 -0.0193304 0.016682 0.022787 0.0025682 -0.012077 0.0140207 -0.0129825 0.00102374 -0.0190183 0.00523559 0.0152288 0.0166691 0.0203705 -0.0100597 -0.0106928 0.00213474 -0.000483509 0.00978247 0.0137439 0.000776224 0.00483861 -0.0118403 0.0128398 -0.0101008 -0.0147952 0.00348981 0.0286273 0.00227479 -0.00345846 -0.0122953 -0.017347 -0.0337697 -0.0477807 0.00638344 -0.00678189 -0.00245172 -0.00470796 -0.0210343 -0.0654761 0.00806633 0.00102571 0.0051733 -0.00413901 -0.0192777 -0.00417601 0.0091654
internal_weight=1230.55 842.707 484.112 101.059 383.053 86.5065 358.595 296.667 9.77188 311.279 387.846 47.3166 14.5527 301.733 295.46 6.27316 9.54543 83.7598 56.3851 13.1513 266.628 8.26953 258.358 13.5032 6.69114 213.247 47.4075 82.2127 42.0609 199.225 197.287 286.895 213.936 72.9594 65.2321 207.281 43.5589 13.7634 29.7955 86.3857 64.4148 21.9709 43.2338 165.84 83.108 43.9261 39.7302 18.1339 13.6519 39.1818 4.61806 21.5963 23.6761 10.662 9.03384 82.7319 48.9787 43.8019 27.2874 16.9143 12.546 9.50296
internal_count=123881 33866 25003 3336 21667 2482 8863 14410 269 8165 90015 698 854 7901 7728 173 264 2208 1423 393 68095 933 67162 249 163 6324 1299 1404 1090 51021 50905 14141 10830 3311 2725 10445 2308 777 1531 7257 5686 1571 1030 5025 2905 1571 1540 591 429 1334 101 949 944 533 328 2120 1229 973 674 499 332 215
is_linear=0
shrinkage=0.05


Tree=40
num_leaves=63
num_cat=0
split_feature=192 48 34 192 97 45 141 176 27 138 115 141 24 178 82 184 176 26 90 112 192 8 140 113 168 32 119 143 6 191 175 5 152 166 140 86 157 77 101 177 4 48 17 89 121 151 1 165 171 12 184 113 174 32 174 92 192 140 122 175 190 121
split_gain=17.7846 5.28192 3.97865 3.64222 3.53941 5.5866 4.51175 4.25212 3.36732 3.63592 2.99995 3.70147 2.92458 2.89853 2.86633 3.94164 2.84524 2.81646 2.91426 2.6993 2.72565 2.69056 2.68947 2.63584 3.29227 3.19692 3.14693 2.86593 3.32068 2.55827 2.52208 2.47907 2.44982 2.44371 2.43765 3.32198 2.88847 2.51023 2.73271 3.06236 2.56109 2.41487 4.76273 2.4903 2.25374 2.54694 2.22802 3.49631 3.32652 3.24617 2.38132 2.18597 2.20246 2.18129 2.32329 2.14423 2.23376 3.21516 2.56082 2.73807 2.77084 2.52328
threshold=0.71739373601789713 0.9946043165466415 0.0093492461290385128 0.49246369329532452 0.28117158383640523 1.1126893106617419 1.5939236155299199 958.41317034737892 0.18989275132345118 1.6004381755642385 0.5829496549515093 0.97107120785193202 0.022808441565108514 0.040095765946566754 0.10833333333333335 4.9967205950000286 647.49896800941087 0.04497940711043983 0.45581861555291453 1.0000000180025095e-35 0.98161073825503364 -0.56666666666666032 1.616213059942281 0.88235294117614982 4785394.0250000013 0.82794600530159557 0.19469782275187711 0.7710548952717029 0.59523809523730475 0.1335562987736901 26.486352243254697 0.011025499674893156 0.50016003530020237 5453587608.000001 1.1158925183687511 0.75000000000000011 0.017840944302842783 0.49166666666666675 0.51666666666666672 0.026814639413385615 0.10389610389608288 0.95967741935475259 1.2304688278989613 0.51649500338490373 0.4380080011325182 0.50733232083093305 0.03833199453966641 0.28536801973076636 20.773291103238616 0.11668141229273264 0.079980429999992012 0.074074074074071974 -7.2968917276264795 0.098468720092623488 -16.366052091742258 0.8595780352163197 0.887964205816555 1.1310366397494873 0.39674107722070079 12.451892930375974 0.811040268456376 0.42402826855123149
decision_type=2 2 2 2 2 2 2 2 2 2 2 2 2 2 2 2 2 2 2 2 2 2 2 2 2 2 2 2 2 2 2 2 2 2 2 2 2 2 2 2 2 2 2 2 2 2 2 2 2 2 2 2 2 2 2 2 2 2 2 2 2 2
left_child=3 2 4 -1 6 10 8 16 9 31 14 -12 46 -8 15 -6 34 18 -16 20 44 -17 -19 24 26 27 -4 28 33 -22 -15 41 55 -25 36 -36 37 -7 39 -39 -40 42 53 -43 -13 -46 48 49 -5 -48 -49 -33 -53 -2 -55 56 57 -21 59 60 -58 -59
right_child=1 -3 23 12 5 7 13 -9 -10 -11 11 19 -14 30 17 21 -18 22 -20 32 29 -23 -24 25 -26 -27 -28 -29 -30 -31 -32 51 -34 -35 35 -37 -38 38 40 -41 -42 43 -44 -45 45 -47 47 50 -50 -51 -52 52 -54 54 -56 -57 58 61 -60 -61 -62 -63
leaf_value=-0.012897929832392697 0.020112368240436027 -0.012897056196610343 0.020534129764895243 -0.021866238053824476 0.013170881238074356 -0.019515683995180239 -0.018990636928175795 0.013876692547885023 0.034879577088251491 -0.035903105022957037 -0.033911829212778709 0.0015669612425988175 -0.011059638299959117 0.021640999829518625 0.020768728191180849 0.0042732398832438668 -0.04149792692244067 0.030850256214876023 -0.0084190988167673741 0.024991710638177504 0.015043227707417409 -0.035900234409283201 -0.013480862408116702 -0.061548563739770537 0.014652095054608872 0.011798101288630281 -0.038892307980631952 0.006568515299057158 0.018575502582568279 -0.064220765189970538 -0.023364398703821461 -0.01689937468758923 -0.012696857001546999 0.016496794281503906 -0.023923744284468192 0.019583724225194152 -0.022968086627184654 -0.019954196367548555 0.022218555146744545 0.032462649948298214 -0.038589153624014966 0.019715335919761781 -0.038684837000719084 -0.0072536719931213514 -0.042344329828583355 0.0064138091364457075 -0.023923871011974858 0.025928891905113674 0.0026551159850064354 0.028893743798205886 -0.016599694557955676 0.024471234699053431 0.0033955580246724164 -0.017390456503731184 0.0064797816312920226 -0.02772431278638406 0.016907072149301559 -0.018482133342702458 0.037781686544552544 0.022515156875677983 -0.037300075036029695 0.022966281314580655
leaf_weight=202.83461507718675 14.098129449877886 39.724687907157204 2.6814474519342175 17.314988988993719 21.050933860387886 6.0612461654527605 22.106959375028964 15.323399007669648 13.004496977664529 3.3807074201613423 6.8515850428084368 41.622015163153264 70.214099928285577 10.237991273868827 15.392711029253404 6.5693816785351364 7.6831311569330856 31.548965457863233 16.753628168160503 9.4048185962019506 0.8422037679702038 8.7970154000795429 3.0945116884686277 5.7874954412691313 186.98245749831403 16.621143429307267 4.8426076150499284 5.514718382852152 1.4738875681068746 2.5991231324151158 3.2996704417746505 3.5285822917940086 11.693615237250922 0.63570641726255406 36.724243428958289 4.079401795170269 10.394492390565572 2.5529157406163057 1.9809750971617166 14.758482955396174 3.2209232625027653 36.851191887370078 6.4620810893829903 10.176065073817879 5.8899167145136726 3.7404687084199395 2.4587895302101996 3.30265510483878 54.870613897319345 22.07092765629568 12.781975326157406 51.675606336677447 17.43512049477431 14.737542457412919 27.717372672806967 2.3783937240950754 3.3952802012208876 15.144357277022211 13.703034899241173 13.487358268816022 4.1398572998587042 3.7454574811272314
leaf_count=58281 435 2960 51 3984 1043 528 1874 440 135 278 321 1787 12859 271 682 224 524 875 1213 246 13 383 183 192 3819 308 220 110 19 100 109 197 515 12 3194 140 580 244 48 362 235 1750 236 647 429 179 341 153 11754 891 1623 1063 1024 491 1240 141 113 855 218 168 126 153
internal_value=0.000583918 0.00465383 0.00554229 -0.00829042 0.0033296 8.53316e-05 0.00805133 -0.00961027 0.0109906 0.00911671 0.00424897 -0.000531054 -0.00311441 -0.0080796 0.0106614 -0.000506159 -0.0138924 0.0167419 0.00561106 0.00140908 -0.00696637 -0.0192082 0.026483 0.011189 0.0133126 -0.00238891 -0.0172027 -0.0199164 -0.0376329 -0.0446771 0.00947485 0.010168 0.00742827 -0.051969 -0.0106909 -0.01909 -0.0015136 0.00663451 0.0144181 0.0237921 -0.0147776 0.00529141 -0.00105617 0.013746 -0.00353204 -0.0241143 0.00184101 0.0110934 -0.00337685 0.0226739 -0.0065681 0.0173155 0.0193499 0.00375407 -0.00190084 0.0112391 0.0131978 0.00241128 0.0215332 0.00948028 -0.0131698 -0.00927091
internal_weight=1229.45 843.6 803.875 385.849 579.335 344.624 234.712 102.779 199.067 186.062 241.845 138.637 183.014 35.6446 103.207 36.4173 87.4558 66.7898 32.1463 131.786 54.6937 15.3664 34.6435 224.539 194.507 30.033 7.52406 13.4118 7.89709 3.44133 13.5377 182.682 77.0922 6.4232 79.7727 40.8036 38.969 28.5745 22.5133 17.3114 5.2019 110.042 63.0151 47.0273 51.2524 9.63039 112.8 40.6143 72.1856 24.5297 16.0846 72.6393 69.1107 56.553 42.4549 65.3986 63.0202 28.2946 34.7255 21.0225 7.53514 18.8898
internal_count=123589 33703 30743 89886 26012 16262 9750 6295 7496 7361 9967 5364 31605 2254 4603 1650 5855 2953 1895 5043 2508 607 1058 4731 4090 641 271 333 223 113 380 7083 2535 204 5331 3334 1997 1417 889 606 283 4799 2402 2397 2395 608 18746 3008 15738 1232 1776 2284 2087 2166 1731 2020 1879 1254 625 407 239 1008
is_linear=0
shrinkage=0.05


Tree=41
num_leaves=63
num_cat=0
split_feature=192 48 158 192 51 26 28 24 29 188 174 90 175 116 168 141 192 38 40 177 31 192 135 67 154 164 86 174 166 51 57 136 107 1 141 138 30 178 141 140 41 176 26 192 79 26 107 91 177 51 12 103 149 159 88 41 40 139 130 87 129 10
split_gain=16.6196 4.78356 3.54112 3.35723 3.35091 3.11985 2.96696 2.74922 2.51578 2.31728 2.28762 2.6586 3.5549 4.06462 2.7782 2.48638 2.41936 2.25516 2.2549 2.24913 3.09548 2.46729 2.22638 2.48671 2.22509 2.18666 2.17172 5.11053 3.28441 3.20698 3.15282 3.1175 3.06918 4.53272 3.61818 2.96196 2.94322 4.20499 2.92383 2.85623 2.75891 2.52994 2.31445 2.31292 3.72232 3.51418 2.40368 3.39007 2.73919 3.58801 4.4483 3.32273 5.20957 2.3839 2.30177 2.77571 2.77436 2.89524 2.78042 2.24471 2.23729 2.16407
threshold=0.71739373601789713 0.9946043165466415 19.667403433 0.49246369329532452 0.85566411982740964 0.072611549663441369 0.0026570048309176751 0.022808441565108514 0.75551876379676364 0.015044742729306488 -2.7992772198909424 0.50040121007110561 17.50746621091692 0.40911191929591234 11539852.750000002 1.3077252229055001 0.83445190156599558 0.64444975854317754 0.0094131775597846769 0.026814639413385615 -0.024689200258123153 0.92475391498881443 0.69266418793070528 0.18750000000000003 -0.23587552989171875 -0.86206562444190815 0.58333333333333337 -176.91301492822819 137411574.50000003 0.68692325611925187 0.99120487016825287 0.58870665265444333 0.40833333333333338 0.052759264980652434 1.0030749575497586 0.66547741207313749 0.016132267650743888 0.023524064040995076 1.6315493416198479 0.76868050156696233 0.82904425046742802 27.259229426047032 0.14962834117590931 0.89465324384787481 0.15000000000000005 0.039807675760769899 0.45833333333333343 -0.032451261217497133 0.030391492079546049 0.80311775296540555 0.10284880906730616 0.50000000000000011 0.43041241395015112 45.813601100000007 0.8950203824386137 0.84121094148939435 0.0024553419151989854 0.7729947413567454 0.79117196304371085 -0.3249999999999999 0.66830489763435563 1.0264357925798955
decision_type=2 2 2 2 2 2 2 2 2 2 2 2 2 2 2 2 2 2 2 2 2 2 2 2 2 2 2 2 2 2 2 2 2 2 2 2 2 2 2 2 2 2 2 2 2 2 2 2 2 2 2 2 2 2 2 2 2 2 2 2 2 2
left_child=3 2 -2 22 9 8 19 -5 10 -4 11 12 -6 -14 -13 25 -15 -10 26 21 -21 -7 23 -1 -23 -12 40 -28 29 38 36 32 33 -30 -35 39 37 -31 -29 -34 43 -33 54 44 -11 -46 47 -45 -48 50 -50 52 -52 -49 56 -56 59 -58 60 -37 -59 -60
right_child=1 -3 4 7 5 6 -8 -9 17 18 15 14 13 16 -16 -17 -18 -19 -20 20 -22 24 -24 -25 -26 -27 27 28 31 30 -32 41 35 34 -36 42 -38 -39 -40 -41 -42 -43 -44 46 45 -47 48 53 49 -51 51 -53 -54 -55 55 -57 57 58 61 -61 -62 -63
leaf_value=-0.019092918141682999 -0.015702459205996035 -0.012309651697295768 -0.024877624256106821 0.001747537673661502 -0.0065194583498437266 0.011288297084389392 -0.0052996221481792123 -0.010784811507964544 -0.018132971500818194 -0.0096719890606644029 0.044164882139450433 0.0078136960700763373 -0.02192638901899454 -0.0033499390461207952 -0.018380340190314502 -0.0061443523358487139 0.028560532129250811 0.017300773109038596 0.019952382726256313 -0.017339895497391872 0.027164001817706215 0.0092554969517826529 -0.029437346738022754 -0.006520695293854197 -0.056932392441877269 0.0083151523023919875 -0.052127151326096327 0.023834195849710818 0.011896559373661068 0.009576211039307796 0.010126890579095289 0.025258141909268818 -0.024968591139552552 0.013636149036915499 -0.034764525457364241 -0.018248566583395482 0.0026111815951131742 -0.054440048546537924 -0.026041812452463311 0.029394852892478975 -0.016336797379723277 -0.023680919350381781 -0.039109676382037467 -0.025956946163019828 -0.020828972340494897 0.020541753289487388 0.024364372284540133 -0.018210679170730812 0.024775029461846086 0.018236498067172546 0 0.0028261338339870099 -0.056693353804094661 0.028254383294651537 -0.016194511998863289 0.025634889255726448 0.0296279737135208 0.0055036100348949289 -0.0012563302010985416 0.027957527380803784 -0.029910263141382461 0.020527812246013855
leaf_weight=59.315580576989305 18.390860057734244 39.058899446037685 4.2152307933429247 112.90730567474566 40.846081283132662 11.804990781878585 21.860688187531196 69.705868233420915 32.71366920395667 27.000684821396135 7.030398003524172 13.052279814299252 5.5162626457749857 7.1085131427971673 35.440428155368863 9.7963618351823225 24.850498111252818 4.2302229284250634 40.036914676427841 3.5658094002865246 34.539032996690366 1.5699376279953869 17.272656670205834 124.35850152266903 2.0478898143628603 11.265218134220051 2.9401797185964815 10.077042070450259 21.3914471170865 2.8082900698900692 6.2510715962853274 2.3572686887346199 1.7677564960904408 4.5747853741049793 12.701043474138713 2.057625556131824 4.9879788359394288 10.313011400867252 3.0055556888692072 31.112711932742968 7.7865988848498082 11.877208026780862 1.4796743808547024 2.4280592725845045 5.1268086859781752 32.013689649174921 24.174229227326578 2.1176430067280299 8.565763747901654 27.524467743380228 7.9947653964627552 14.453046923852524 7.5384888913249597 54.764278177230153 14.932643082254801 4.2557988098124033 10.617454986262599 7.0922074855188866 23.860613225609995 30.742454435909167 9.1978726419620198 19.978819210547954
leaf_count=18348 2900 2960 190 18746 2633 513 736 12859 2448 1350 184 725 238 482 2690 1151 414 272 579 129 696 61 5363 34570 85 901 148 165 472 78 167 57 59 80 372 97 132 567 102 510 338 629 54 106 346 1258 505 121 146 567 181 329 254 902 466 62 153 193 580 560 272 338
internal_value=0.000597393 0.00453481 0.00537596 -0.00801024 0.00589658 0.0013227 0.00988197 -0.00304168 -0.00204858 0.00824805 0.000742588 -0.00210883 0.00353561 0.0145097 -0.0112135 0.0134165 0.0214248 -0.0135949 0.00857853 0.0161573 0.0225346 0 -0.0124633 -0.0106892 -0.0313432 0.0239251 0.00756276 0.00431321 0.0052111 -0.00821074 -0.0187436 0.00765551 0.00932817 -0.00312375 -0.0216292 0.0124251 -0.0289794 -0.040677 0.0109852 0.0256738 0.0111778 -0.0141223 0.00870108 0.0122751 0.00414057 0.0143035 0.0156798 0.0235422 0.0102567 0.00473459 -0.00499611 -0.0141869 -0.0295327 0.0261534 0.00962931 -0.00585927 0.0125759 0.00673385 0.00219095 0.0244568 -0.0147764 0.00879619
internal_weight=1224.37 840.809 801.75 383.56 783.359 267.238 75.3883 182.613 191.85 516.121 154.906 126.814 78.3214 37.4753 48.4927 28.092 31.959 36.9439 511.906 53.5277 38.1048 15.4228 200.947 183.674 3.61783 18.2956 471.869 250.381 247.44 37.4429 24.3604 209.997 195.763 38.6673 17.2758 157.096 18.1093 13.1213 13.0826 32.8805 221.489 14.2345 124.215 213.702 64.1412 37.1405 149.561 59.31 90.2508 66.0765 38.5521 29.9863 15.5333 56.8819 122.735 19.1884 103.547 70.747 60.1295 32.8001 16.2901 43.8394
internal_count=123589 33703 30743 89886 27843 14358 2220 31605 12138 13485 9418 7182 3767 1134 3415 2236 896 2720 13295 1484 825 659 58281 52918 146 1085 12716 6313 6165 1211 944 4954 4268 924 452 3344 777 645 267 569 6403 686 2775 6065 2954 1604 3111 1129 1982 1477 910 764 435 1023 2721 528 2193 1536 1383 657 465 918
is_linear=0
shrinkage=0.05


Tree=42
num_leaves=63
num_cat=0
split_feature=192 51 169 27 172 192 160 25 23 169 24 175 47 142 68 96 89 154 86 112 112 164 104 51 145 41 10 139 85 14 41 94 94 190 95 152 95 29 82 120 191 173 104 1 171 182 116 70 182 89 192 116 135 67 32 36 188 188 156 68 26 87
split_gain=15.8542 4.33775 4.94977 4.54553 3.97069 3.15636 2.99163 2.6895 2.56927 2.7375 2.54275 2.49678 3.34786 2.5058 2.61494 2.40746 3.40514 3.34562 2.64918 3.06697 2.76157 2.97869 3.38744 2.61096 2.5936 2.52319 4.34785 3.49973 2.75585 2.69754 2.44788 2.44298 2.76589 2.86678 2.39274 2.36291 2.35596 2.29302 2.60698 2.2782 2.19684 2.17667 2.17259 2.16404 3.06476 2.15978 3.21057 2.13257 2.11359 2.10961 2.22364 2.1045 2.05957 2.22276 2.00471 2.1986 2.12787 3.29787 2.10504 2.04605 1.9519 1.94421
threshold=0.71739373601789713 0.85566411982740964 0.70192422379220432 0.13324160604097751 92.888747824929027 0.49246369329532452 18.518286766342602 0.032459924578198233 0.026454818759709387 1.3127616396864694 0.022808441565108514 40.585463942981882 1.2880018315018253 0.9795749344075797 0.69471557718852728 -0.073240458011999396 -0.0071548923724169666 -0.050869378651087614 0.38333333333333336 -0.16666666666666669 1.0000000180025095e-35 15.698684774250538 0.55000000000000016 0.7999999999998727 0.49285803098624908 0.55521279692103132 1.0326337666592831 1.0928530403682142 0.17500000000000002 0.86191398004124509 0.75880804025043069 0.90645051915208119 0.47360329514716154 0.93478747203579438 0.052629729945131661 0.46922339170699168 0.16466315651305444 0.72717099373304162 0.17500000000000002 0.26358561626166177 0.44983221476510077 646.48489863591806 0.35000000000000003 0.03865928546737412 20.773291103238616 147.07598791000058 0.49350555622175801 0.42154658433043796 13.230522374999994 0.83264873681661167 0.82776286353467576 0.66783216783212251 0.69266418793070528 0.18750000000000003 0.36469084836556193 0.019990659548536741 0.93989966555183957 0.78630992196209604 -0.051432647863275838 0.050343104383972472 0.081720955205256615 -0.3249999999999999
decision_type=2 2 2 2 2 2 2 2 2 2 2 2 2 2 2 2 2 2 2 2 2 2 2 2 2 2 2 2 2 2 2 2 2 2 2 2 2 2 2 2 2 2 2 2 2 2 2 2 2 2 2 2 2 2 2 2 2 2 2 2 2 2
left_child=5 6 -3 7 -5 52 -2 8 49 -10 43 13 47 36 -15 23 25 54 19 -19 21 37 -23 -8 30 26 27 28 -17 -27 -22 32 -26 48 -28 -31 -9 61 -39 -32 -14 -21 -40 44 -7 46 -43 -13 -34 50 -4 -41 53 -1 59 56 57 -56 -58 -18 -30 -20
right_child=1 2 3 4 -6 10 15 11 9 -11 -12 12 40 14 -16 16 17 18 20 41 24 22 -24 -25 31 29 34 -29 60 35 39 -33 33 -35 -36 -37 -38 38 42 51 -42 45 -44 -45 -46 -47 -48 -49 -50 -51 -52 -53 -54 -55 55 -57 58 -59 -60 -61 -62 -63
leaf_value=-0.018418063126105028 -0.022504861264490066 -0.018174607827560887 0.0017695050594149016 0.017755558078429882 -0.038934539788982439 -0.021313822704297408 -0.031483052103106597 0.029544429843637379 -0.029401233480375252 0.0095172399305442027 -0.010432224898933251 -0.036118130504432432 -0.014122571975278671 -0.0071503972324031221 -0.028046822814686512 -0.028597331479102223 -0.032060736785178914 -0.031477839485838176 -0.020103033854210764 0.022271174577761496 0.036574207942228688 -0.038856916831133459 0.009494912952120035 0.0068220324220205049 -0.0038981065544351616 0 -0.023575194913912273 -0.041725971319755854 0.034528518954370924 -0.016979138290269216 0.032643180487608635 -0.033203337637679173 0.0099455689526257579 0.02201986418411403 0.037314010975949427 0.033582034166264547 -0.015716961500128652 0.0071020522928849725 0 0.0067490482989150287 0.032664439492174971 0.016008200859188731 -0.044310601215922216 0.010807164833773902 0.0022240927334146623 0.025685667211117615 -0.038426170614373069 0.0073511948966017608 -0.014635249991743106 -0.022587523734293624 0.021324796326500441 -0.040278472258435956 -0.028652300361638107 -0.0064505731607239353 0 -0.02836720436593276 -0.039173911306106826 -0.033781034672990859 0.020559505857913898 0.0077425270600667258 -0.0078876063709725965 0.013386322304467915
leaf_weight=58.414824970159316 7.3054639734546063 33.186104518907086 26.670792274479027 53.037035128247226 2.299439358059316 17.180083668921725 7.1216254925820968 6.8383546780387388 8.5167551926242613 7.6309654401484286 69.215880201889377 4.1618519122130255 2.3622940077912054 83.254291246292269 18.00287275028677 3.3959423126652899 2.3880359735339871 2.2134686836798201 3.8507455638900856 67.806259629840497 15.641638521687129 8.75221974181113 5.0143612273386671 8.8593685855157656 33.3375056173536 8.5912478623213229 1.0917790066450823 4.7579382768599308 5.8565698413876799 1.7415329935029138 4.8185545001178971 2.6730642968323073 32.669667028996628 42.110900462721474 9.8875796608626825 36.39859567215899 3.5914020477794111 10.454368844744751 4.3382163390051556 7.8321040541050007 11.542525589698924 4.1341952556394954 5.8697134211543016 40.400995645599323 56.080945517956934 4.3756093636620781 4.7996580798644572 5.3060481905704364 10.744283541222101 3.5110135294380589 33.187241198625998 2.2354872995056212 16.812648473605805 123.97369047497523 29.00260003922449 9.0606421326519904 0.68396285036578852 8.7131837711203826 11.987966610584404 61.252768619218841 3.7041209833696485 39.56124969409575
leaf_count=18348 1050 3835 2653 1185 84 3998 361 216 561 379 12859 218 64 5948 1316 164 146 144 175 1614 252 352 120 325 861 133 67 258 113 39 46 121 852 589 133 527 224 276 130 222 149 69 275 2935 11813 59 236 212 322 337 1131 83 5363 34570 1164 335 23 346 181 1898 78 1052
internal_value=0.000680412 0.00453131 -0.000232661 0.00201381 0.0146618 -0.00774369 0.00723485 -0.00127764 0.00594219 -0.0112354 -0.00294007 -0.00557751 0.00890877 -0.00870558 -0.0111525 0.00769778 0.0083052 0.00656252 0.00930031 0.0169413 0.00644777 -0.0011483 -0.0214562 -0.0108022 0.0103509 0.0181031 0.00591435 -0.00915462 0.00458067 0.0252018 0.0232455 0.00690796 0.00812122 0.012855 0.0293793 0.0307708 0.0135101 0.00340077 -0.00988578 0.0075049 0.0239661 0.0186907 -0.0268112 0.00162995 -0.00344102 0 -0.0136573 -0.0129042 0.00355707 0.0105036 0.012866 -0.00593735 -0.012092 -0.0103903 -0.000383037 -0.006963 -0.0025397 -0.00856416 0.0143402 0.00569874 0.0184309 0.00991739
internal_weight=1220.21 838.133 303.099 269.913 55.3365 382.079 535.034 214.576 79.5168 16.1477 182.878 135.06 23.3727 111.687 101.257 527.729 511.748 436.322 313.233 83.3292 229.904 77.8409 13.7666 15.981 152.063 75.4253 28.6939 17.7146 12.9566 46.7314 30.5278 121.535 118.862 85.5249 10.9794 38.1401 10.4298 64.0743 20.6623 14.8861 13.9048 81.1157 10.2079 113.662 73.261 13.3095 8.93385 9.4679 43.414 63.369 59.858 10.0676 199.201 182.389 123.089 59.4484 50.3877 37.7158 12.6719 63.6408 9.56069 43.412
internal_count=123589 33703 18512 14677 1269 89886 15191 13408 5061 940 31605 8347 643 7704 7264 14141 13455 11943 7850 2122 5728 2380 472 686 3348 1512 813 613 355 699 603 2745 2624 1763 200 566 440 1908 681 351 213 1978 405 18746 15811 364 305 430 1174 4121 3784 305 58281 52918 4093 2049 1714 1510 204 2044 191 1227
is_linear=0
shrinkage=0.05


Tree=43
num_leaves=63
num_cat=0
split_feature=192 46 169 51 90 89 86 189 54 12 58 72 95 185 162 112 8 140 140 169 139 163 98 140 166 171 168 26 192 95 94 40 89 164 33 172 57 95 96 162 86 23 192 0 174 70 92 134 129 47 168 174 147 147 171 135 12 139 114 129 191 167
split_gain=14.7241 4.0398 3.51691 3.32167 3.02207 3.19455 2.94914 2.97524 3.26297 3.6183 3.11853 3.10519 3.04704 3.00136 4.25215 3.72371 3.20988 2.90882 2.74762 2.71331 2.97715 2.65447 2.64084 2.5189 2.50783 2.4257 2.39399 3.08562 3.67563 2.96389 3.02243 2.58212 2.4273 2.61914 2.36923 2.71107 2.34329 2.3175 3.47748 2.73127 2.30572 2.29853 2.46918 3.14425 3.1103 2.48509 2.19636 2.15196 2.14815 2.09371 2.05759 3.46881 2.35133 1.97167 1.96506 1.92539 1.92505 1.91879 3.78727 2.30226 2.27292 2.30574
threshold=0.71739373601789713 1.0669179018782715 0.66274721786813695 0.78607412516058284 -0.29389287971429551 0.41955601763770656 0.8500000000000002 0.89465324384787481 0.98458274122945666 0.096128060626833725 0.95053654350844641 0.59177748440922862 0.063895299539554501 -8.111591059999979 63.069782418393068 -0.29166666666666657 0.59999999999464404 0.91397246485106665 0.8267900896160203 0.76191341914821997 0.77619076694753486 0.057741762451245744 0.50000000000000011 1.8543861309035363 2985206599.5000005 67.900633250250664 14115978.400000002 0.040824815004627237 0.90468680089485465 0.32356114577015865 0.79692946399523079 0.00049551849259484699 0.58419282294260177 0.70568226866279726 0.04193266280477035 91.407382163404094 1.3013355740108363 0.27833873383486851 0.62176399282532802 61.533889983749866 0.48333333333333339 0.010057133079887827 0.88127516778523496 0.010091721981272568 -15.643441268082269 0.57894736842007244 0.023994779518495022 0.1939046683092662 1.3354016756647022 1.0513365625310609 39168810.850000001 -64.247555385387827 0.52839815473902552 0.50098997166006443 36.046982582685722 0.66484553077838948 0.021123439557156339 0.91751424029490225 0.70585364061594069 1.0567497152654102 0.79431767337807624 59882654.300000004
decision_type=2 2 2 2 2 2 2 2 2 2 2 2 2 2 2 2 2 2 2 2 2 2 2 2 2 2 2 2 2 2 2 2 2 2 2 2 2 2 2 2 2 2 2 2 2 2 2 2 2 2 2 2 2 2 2 2 2 2 2 2 2 2
left_child=17 4 3 22 -2 50 7 8 11 10 -10 -4 -12 14 19 -15 18 -1 -17 20 -11 36 -3 -21 46 -8 40 28 -28 -29 34 -32 -33 -34 48 -36 -19 -27 39 -39 -7 55 44 -44 -43 54 -9 -37 57 -49 51 -6 -53 -30 -46 -20 -35 58 -31 -60 61 -59
right_child=1 2 6 -5 5 26 25 24 9 13 12 -13 -14 15 -16 16 -18 21 41 23 -22 -23 -24 -25 -26 37 27 29 53 30 31 32 33 56 35 47 -38 38 -40 -41 -42 42 43 -45 45 -47 -48 49 -50 -51 -52 52 -54 -55 -56 -57 -58 60 59 -61 -62 -63
leaf_value=-0.00096004981166220591 -0.019873305217735577 0.022186584702003898 -0.0013462864128517382 -0.023049696433338672 -0.026032804871703053 0.025313416537439987 -0.045679843451893236 -0.020250429883533108 0.023328393633974279 0.02553238941893346 0.0079987874831749604 -0.035708457030379524 -0.019536097150563005 0.03089110564023061 -0.041978822951877749 0.021160796804446484 -0.021733899812054102 -0.016482570635157203 0.02597627397389814 0.019766474076655938 -0.037797131088596225 -0.0051620463283668719 -0.026345818401447854 -0.031168523930895593 -0.027205536178149848 0.022202268082573456 -0.024560908917865124 -0.023576490725086319 0.026980043258537798 0.021737474601152662 0.014758109358058498 0.011048954119643132 0.014694566566074336 0.018772469873151135 0.017751936116926211 0.012466754127754377 0.022910023808085215 0.0010560488048148354 0.012249407953710453 -0.056632130926282824 0.003137920888453181 -0.035799328963888807 0.0061199310798091058 -0.018771786646207139 4.8477055669221298e-05 0.017112980167714172 0.023408137583416117 -0.039743260868731332 -0.026958948219323483 0.010916494600371654 0.021633670004614362 0.014376380626365185 -0.028492198409933944 -0.016101275898321478 -0.023868188750595657 -0.012758407563246622 -0.044159309953154709 0.020022271588312126 -0.042741365800357041 0.019400723853310806 0.030208451099605307 -0.014865085525712
leaf_weight=120.23670116939684 8.0867295578937028 8.5997652763362549 19.024992644146554 25.304868644194357 5.4563951971940687 24.429660560876073 4.0383363920846049 2.2616290057776487 5.9700843326281747 2.0397342242540608 12.764675885118775 9.3877839352935535 36.705401122864714 10.097052568220532 2.332617772743105 17.487124683189904 13.2871695134163 128.81790593035475 13.651321878001911 75.628170516632963 3.8581828723545186 127.70464966945474 2.9462420978816217 1.568049996276385 2.0888504035538054 4.4545327639207271 19.305462100193839 7.1396831937599918 6.3288530455902201 8.5566662883211375 7.9282476042863008 4.5190128067042705 2.1819545614998779 0.69460134953260322 8.9985835235565919 3.8020489658229044 2.9445486045442513 2.8971052748383936 5.5366330708784517 4.6717370132682845 23.416025857895875 8.5770696948784444 103.65957142972547 13.39195652049966 18.694135951860517 9.6156752788519935 34.041269541019574 7.3767024935805221 1.8082562928902906 2.026959614828229 65.576774516201112 63.075055939902086 2.3836707293521604 3.189848330541281 14.257292333721123 3.2548158412100738 9.9757230811519531 12.019077543984169 4.4101278851740053 1.264136208919808 33.336942657420877 6.4053200331982216
leaf_count=21929 438 259 771 3175 165 682 218 51 155 37 671 438 2517 226 66 593 1141 37370 717 1371 169 30351 161 87 108 73 1629 295 148 229 244 105 106 19 140 62 236 93 126 189 736 643 3312 569 1954 558 556 276 121 38 1456 1916 133 153 1537 423 428 257 145 17 582 219
internal_value=0.000700687 0.00441273 0.00148947 -0.0131384 0.00856724 0.0093244 0.00271073 0.00363013 0.00230319 0.00358998 -0.00804241 -0.0136978 -0.0123145 0.00569607 0.0136383 0.00262471 0.00114323 -0.00744709 0.00276761 0.0157397 -0.0146441 -0.0104188 0.00829101 0.0182826 0.016759 -0.0148712 0.00520537 0.00204468 -0.0123541 0.00554737 0.00758093 -0.00735251 -0.01797 -0.0285954 0.0118682 -0.00204762 -0.0153987 -0.00543718 -0.0160943 -0.0364211 0.0148494 0.000898716 -0.000880929 0.00309481 -0.00996077 -0.00393745 0.0200843 -0.0161912 0.0164617 -0.0283433 0.0152153 0.00899228 0.0123349 0.0119093 -0.0105506 0.0179437 -0.0383767 0.0181108 0.00134118 -0.0273154 0.0225138 0.00749525
internal_weight=1215.49 835.786 492.094 36.8509 343.693 335.606 455.243 433.645 395.253 366.84 55.4402 28.4128 49.4701 311.4 85.4268 225.973 215.876 379.704 202.589 83.0941 5.89792 259.467 11.546 77.1962 38.3917 21.5983 199.114 151.268 28.8242 122.444 115.304 25.2995 17.3713 12.8523 90.0048 22.2043 131.762 17.56 13.1055 7.56884 47.8457 185.102 168.196 117.052 51.1442 42.5671 36.3029 13.2057 67.8005 9.40366 136.492 70.9151 65.4587 9.5187 32.9514 16.9061 10.6703 65.9923 14.2309 5.67426 51.7613 18.4244
internal_count=123589 33703 22964 3595 10739 10301 19369 18670 17955 16746 3343 1209 3188 13403 1730 11673 11447 89886 10306 1664 206 67957 420 1458 715 699 6631 5213 1930 3283 2988 902 658 553 2086 516 37606 481 408 282 1418 9713 8573 3881 4692 4049 607 376 1570 314 3670 2214 2049 301 3491 1140 447 1449 391 162 1058 476
is_linear=0
shrinkage=0.05


end of trees

feature_importances:
Column_192=115
Column_12=69
Column_168=59
Column_167=56
Column_27=53
Column_1=51
Column_89=46
Column_142=46
Column_166=44
Column_189=43
Column_140=42
Column_26=41
Column_92=41
Column_175=40
Column_91=37
Column_178=35
Column_41=34
Column_139=34
Column_190=32
Column_95=30
Column_182=30
Column_141=29
Column_176=29
Column_94=28
Column_97=28
Column_35=27
Column_174=27
Column_38=26
Column_40=26
Column_96=26
Column_25=25
Column_171=24
Column_46=23
Column_50=23
Column_90=23
Column_135=23
Column_191=23
Column_161=22
Column_177=22
Column_47=21
Column_160=21
Column_188=21
Column_15=20
Column_122=19
Column_134=19
Column_163=19
Column_24=18
Column_29=17
Column_32=17
Column_34=17
Column_37=17
Column_169=17
Column_170=17
Column_28=16
Column_93=16
Column_112=16
Column_138=16
Column_164=16
Column_173=16
Column_185=16
Column_187=16
Column_21=15
Column_45=15
Column_51=15
Column_82=15
Column_137=15
Column_143=15
Column_152=15
Column_158=15
Column_159=15
Column_39=14
Column_23=13
Column_57=13
Column_85=13
Column_88=13
Column_114=13
Column_151=13
Column_172=13
Column_71=12
Column_117=12
Column_130=12
Column_144=12
Column_3=11
Column_6=11
Column_31=11
Column_56=11
Column_86=11
Column_87=11
Column_129=11
Column_17=10
Column_48=10
Column_58=10
Column_70=10
Column_72=10
Column_81=10
Column_107=10
Column_121=10
Column_136=10
Column_147=10
Column_165=10
Column_4=9
Column_10=9
Column_42=9
Column_49=9
Column_102=9
Column_109=9
Column_133=9
Column_13=8
Column_22=8
Column_44=8
Column_80=8
Column_115=8
Column_116=8
Column_154=8
Column_157=8
Column_5=7
Column_8=7
Column_16=7
Column_20=7
Column_33=7
Column_61=7
Column_67=7
Column_69=7
Column_77=7
Column_101=7
Column_131=7
Column_146=7
Column_183=7
Column_0=6
Column_30=6
Column_52=6
Column_54=6
Column_68=6
Column_100=6
Column_148=6
Column_184=6
Column_7=5
Column_11=5
Column_36=5
Column_60=5
Column_62=5
Column_79=5
Column_105=5
Column_110=5
Column_113=5
Column_120=5
Column_128=5
Column_145=5
Column_150=5
Column_153=5
Column_162=5
Column_14=4
Column_19=4
Column_43=4
Column_55=4
Column_84=4
Column_99=4
Column_111=4
Column_119=4
Column_127=4
Column_132=4
Column_18=3
Column_59=3
Column_75=3
Column_104=3
Column_118=3
Column_124=3
Column_155=3
Column_180=3
Column_2=2
Column_9=2
Column_53=2
Column_66=2
Column_106=2
Column_125=2
Column_126=2
Column_149=2
Column_156=2
Column_181=2
Column_186=2
Column_65=1
Column_73=1
Column_78=1
Column_98=1
Column_103=1
Column_179=1

parameters:
[boosting: gbdt]
[objective: lambdarank]
[metric: ndcg]
[tree_learner: serial]
[device_type: cpu]
[data_sample_strategy: bagging]
[data: ]
[valid: ]
[num_iterations: 44]
[learning_rate: 0.05]
[num_leaves: 63]
[num_threads: 1]
[seed: 42]
[deterministic: 1]
[force_col_wise: 0]
[force_row_wise: 1]
[histogram_pool_size: -1]
[max_depth: -1]
[min_data_in_leaf: 20]
[min_sum_hessian_in_leaf: 0.001]
[bagging_fraction: 0.8]
[pos_bagging_fraction: 1]
[neg_bagging_fraction: 1]
[bagging_freq: 5]
[bagging_seed: 400]
[bagging_by_query: 0]
[feature_fraction: 0.8]
[feature_fraction_bynode: 1]
[feature_fraction_seed: 30056]
[extra_trees: 0]
[extra_seed: 12879]
[early_stopping_round: 0]
[early_stopping_min_delta: 0]
[first_metric_only: 0]
[max_delta_step: 0]
[lambda_l1: 0.1]
[lambda_l2: 1]
[linear_lambda: 0]
[min_gain_to_split: 0]
[drop_rate: 0.1]
[max_drop: 50]
[skip_drop: 0.5]
[xgboost_dart_mode: 0]
[uniform_drop: 0]
[drop_seed: 17869]
[top_rate: 0.2]
[other_rate: 0.1]
[min_data_per_group: 100]
[max_cat_threshold: 32]
[cat_l2: 10]
[cat_smooth: 10]
[max_cat_to_onehot: 4]
[top_k: 20]
[monotone_constraints: ]
[monotone_constraints_method: basic]
[monotone_penalty: 0]
[feature_contri: ]
[forcedsplits_filename: ]
[refit_decay_rate: 0.9]
[cegb_tradeoff: 1]
[cegb_penalty_split: 0]
[cegb_penalty_feature_lazy: ]
[cegb_penalty_feature_coupled: ]
[path_smooth: 0]
[interaction_constraints: ]
[verbosity: -1]
[saved_feature_importance_type: 0]
[use_quantized_grad: 0]
[num_grad_quant_bins: 4]
[quant_train_renew_leaf: 0]
[stochastic_rounding: 1]
[linear_tree: 0]
[max_bin: 255]
[max_bin_by_feature: ]
[min_data_in_bin: 3]
[bin_construct_sample_cnt: 200000]
[data_random_seed: 175]
[is_enable_sparse: 1]
[enable_bundle: 1]
[use_missing: 1]
[zero_as_missing: 0]
[feature_pre_filter: 1]
[pre_partition: 0]
[two_round: 0]
[header: 0]
[label_column: ]
[weight_column: ]
[group_column: ]
[ignore_column: ]
[categorical_feature: ]
[forcedbins_filename: ]
[precise_float_parser: 0]
[parser_config_file: ]
[objective_seed: 16083]
[num_class: 1]
[is_unbalance: 0]
[scale_pos_weight: 1]
[sigmoid: 1]
[boost_from_average: 1]
[reg_sqrt: 0]
[alpha: 0.9]
[fair_c: 1]
[poisson_max_delta_step: 0.7]
[tweedie_variance_power: 1.5]
[lambdarank_truncation_level: 30]
[lambdarank_norm: 1]
[label_gain: ]
[lambdarank_position_bias_regularization: 0]
[eval_at: 5]
[multi_error_top_k: 1]
[auc_mu_weights: ]
[num_machines: 1]
[local_listen_port: 12400]
[time_out: 120]
[machine_list_filename: ]
[machines: ]
[gpu_platform_id: -1]
[gpu_device_id: -1]
[gpu_use_dp: 0]
[num_gpu: 1]

end of parameters

pandas_categorical:null
